step,IG1,IG2,pass_label,n_broken,n_formed,cartesian_pass2,cartesian_top1,cartesian_top2,mass_weighted_pass2,mass_weighted_top1,mass_weighted_top2,bond_stretch_pass2,bond_stretch_top1,bond_stretch_top2,core_cartesian_pass2,core_cartesian_top1,core_cartesian_top2,core_mass_pass2,core_mass_top1,core_mass_top2
Jackie_TS_01,1,1,1,1,2,1.0,1.0,0.481007,1.0,1.0,0.534638,1.0,1.0,0.999179,1.0,1.0,0.767831,1.0,1.0,0.572373
Jackie_TS_02,1,1,1,2,2,0.974492,0.525211,0.974492,0.977775,0.560765,0.977775,0.99942,0.99942,0.999043,0.987068,0.555051,0.987068,0.988064,0.575615,0.988064
Jackie_TS_03,1,1,1,2,1,1.0,0.187449,1.0,1.0,0.480781,1.0,1.0,0.999999,1.0,1.0,0.844352,1.0,1.0,0.844352,1.0
Jackie_TS_04,1,1,1,4,4,0.870802,0.686119,0.870802,0.883246,0.71082,0.883246,0.742824,0.742824,0.705445,0.703269,0.703269,0.677926,0.858435,0.741481,0.858435
Jackie_TS_05,1,1,1,2,2,1.0,0.760137,1.0,1.0,0.78359,1.0,1.0,0.898068,1.0,1.0,0.768896,1.0,1.0,0.789165,1.0
Jackie_TS_06,1,1,1,1,2,0.896304,0.83247,0.896304,0.890526,0.83466,0.890526,0.999167,0.999167,0.989474,0.925595,0.810828,0.925595,0.90423,0.82586,0.90423
Jackie_TS_07,1,1,1,1,1,0.814678,0.814678,0.667706,0.820963,0.820963,0.679335,0.999816,0.999816,0.998176,0.841784,0.841784,0.720686,0.841784,0.841784,0.720686
Jackie_TS_08,1,1,1,2,1,0.923649,0.923649,0.919702,0.858269,0.852662,0.858269,0.992775,0.99226,0.992775,0.940559,0.940559,0.935302,0.860616,0.854838,0.860616
Jackie_TS_09,1,1,1,1,1,0.778001,0.307011,0.778001,0.775789,0.373418,0.775789,0.999907,0.99968,0.999907,0.84325,0.703644,0.84325,0.839746,0.707064,0.839746
Jackie_TS_10,1,1,1,3,3,1.0,0.331448,1.0,1.0,0.35309,1.0,1.0,0.993036,1.0,1.0,0.685442,1.0,1.0,0.68105,1.0
Jackie_TS_11,1,1,1,3,1,0.924292,0.924292,0.905106,0.957638,0.957638,0.931576,0.998828,0.998828,0.991763,0.966089,0.966089,0.938426,0.966089,0.966089,0.938426
Jackie_TS_12,1,1,1,2,2,0.882108,0.882108,0.841181,0.912734,0.912734,0.862551,0.995684,0.982096,0.995684,0.92775,0.92775,0.863276,0.936768,0.936768,0.875321
Jackie_TS_13,1,1,1,2,2,1.0,0.340072,1.0,1.0,0.417129,1.0,1.0,0.993725,1.0,1.0,0.761913,1.0,1.0,0.684936,1.0
Jackie_TS_15,1,1,1,2,1,0.583411,0.583411,0.304842,0.609094,0.609094,0.449436,0.999043,0.999043,0.998414,0.714872,0.714872,0.65406,0.747458,0.745764,0.747458
Jackie_TS_16,1,1,1,1,1,0.842924,0.631702,0.842924,0.773551,0.687609,0.773551,0.998485,0.998485,0.996204,0.835092,0.70197,0.835092,0.838626,0.838626,0.794525
Jackie_TS_17,1,1,1,1,2,0.51237,0.446081,0.51237,0.511904,0.464223,0.511904,0.9931,0.988383,0.9931,0.676037,0.676037,0.664324,0.749675,0.749675,0.627905
Jackie_TS_18,1,1,1,1,1,0.979979,0.956804,0.979979,0.979238,0.955528,0.979238,0.999934,0.998982,0.999934,0.992902,0.987935,0.992902,0.992902,0.987935,0.992902
Jackie_TS_19,1,1,1,1,1,0.70924,0.70924,0.690659,0.71115,0.71115,0.685741,0.999783,0.999569,0.999783,0.932361,0.834168,0.932361,0.932361,0.834168,0.932361
Jackie_TS_20,1,1,1,2,2,0.929464,0.929464,0.78067,0.93638,0.93638,0.796048,0.989017,0.989017,0.981466,0.985383,0.985383,0.86616,0.979458,0.979458,0.864086
pr1.tempo_ts1,1,1,1,0,0,0.526503,0.526503,0.479734,0.7462,0.7462,0.603455,0.0,0.0,0.0,0.0,0.0,0.0,0.0,0.0,0.0
pr1.tempo_ts10,1,1,1,2,2,0.425393,0.425393,0.323695,0.595861,0.595861,0.365868,0.877276,0.877276,0.816502,0.576337,0.576337,0.450288,0.66743,0.557372,0.66743
pr1.tempo_ts2,1,1,1,2,2,0.694585,0.515435,0.694585,0.776656,0.695017,0.776656,0.925843,0.925161,0.925843,0.658435,0.553892,0.658435,0.697119,0.587454,0.697119
pr1.tempo_ts3,1,1,1,1,1,0.966623,0.966623,0.853314,0.913596,0.913596,0.732748,0.999595,0.999595,0.999527,0.974296,0.974296,0.866846,0.89577,0.89577,0.770867
pr1.tempo_ts4,1,1,1,2,2,0.339771,0.339771,0.285761,0.51207,0.51207,0.428176,0.998921,0.998921,0.970072,0.910083,0.910083,0.715327,0.91131,0.91131,0.72013
pr1.tempo_ts5,1,1,1,0,0,0.55376,0.552063,0.55376,0.635245,0.63516,0.635245,0.0,0.0,0.0,0.0,0.0,0.0,0.0,0.0,0.0
pr1.tempo_ts6,1,1,1,2,2,0.583403,0.583403,0.50537,0.684783,0.684783,0.525039,0.896763,0.896763,0.885231,0.707291,0.707291,0.622876,0.74124,0.74124,0.598315
pr1.tempo_ts8,1,1,1,2,2,0.964062,0.964062,0.943773,0.969639,0.969639,0.953515,0.966951,0.925218,0.966951,0.937283,0.937283,0.91828,0.93937,0.93937,0.92353
pr1.tempo_ts9,0,1,1,1,0,0.352088,0.352088,0.264651,0.707444,0.624725,0.707444,1.0,1.0,1.0,0.957636,0.957636,0.886765,0.960601,0.960601,0.943187
pr10.carborane_ts1,1,1,1,1,2,0.864967,0.362614,0.864967,0.867855,0.375565,0.867855,0.999517,0.996336,0.999517,0.898125,0.684384,0.898125,0.894694,0.692276,0.894694
pr10.carborane_ts2,1,1,1,1,0,0.642161,0.642161,0.576737,0.642592,0.642592,0.570733,1.0,1.0,1.0,0.827643,0.827643,0.821892,0.827643,0.827643,0.821892
pr10.carborane_ts3,0,0,0,2,2,0.76525,0.76525,0.650497,0.365267,0.365267,0.331649,0.931369,0.931369,0.921151,0.769426,0.769426,0.676884,0.516574,0.516574,0.47144
pr11.cycloadditions_tsIIIa,1,1,1,1,1,0.314878,0.314878,0.311751,0.324434,0.324434,0.30874,0.999937,0.999937,0.999421,0.828445,0.814605,0.828445,0.815768,0.799834,0.815768
pr11.cycloadditions_tsIIIb,1,1,1,1,1,0.34632,0.34632,0.27164,0.370068,0.370068,0.29459,1.0,1.0,0.999608,0.851511,0.851511,0.827653,0.840469,0.840469,0.817053
pr11.cycloadditions_tsIIa,1,1,1,0,1,0.743528,0.281678,0.743528,0.745446,0.365331,0.745446,1.0,1.0,1.0,0.983432,0.887184,0.983432,0.983432,0.887184,0.983432
pr11.cycloadditions_tsIIb,1,1,1,0,1,0.333603,0.333603,0.281827,0.482357,0.375265,0.482357,1.0,1.0,1.0,0.838285,0.805169,0.838285,0.838285,0.805169,0.838285
pr11.cycloadditions_tsIVa,1,1,1,0,1,0.528992,0.519676,0.528992,0.535476,0.516887,0.535476,1.0,1.0,1.0,0.702428,0.64239,0.702428,0.702428,0.64239,0.702428
pr11.cycloadditions_tsIVb,1,1,1,0,1,0.702677,0.702677,0.241259,0.704164,0.704164,0.224394,1.0,1.0,1.0,0.903557,0.903557,0.831336,0.903557,0.903557,0.831336
pr11.cycloadditions_tsIa,1,1,1,1,1,0.488718,0.488718,0.483858,0.515748,0.515748,0.509425,0.999981,0.999958,0.999981,0.629416,0.629416,0.622642,0.626247,0.626247,0.618856
pr11.cycloadditions_tsIb,1,1,1,1,1,0.688321,0.674805,0.688321,0.705457,0.691525,0.705457,0.999998,0.999998,0.999982,0.822092,0.799268,0.822092,0.815975,0.794764,0.815975
pr12.Co_Silylation_JACS2015_TS_B-CStep1,1,1,1,1,2,0.485246,0.420654,0.485246,0.663011,0.416093,0.663011,0.996062,0.996062,0.994308,0.602563,0.560577,0.602563,0.698427,0.636314,0.698427
pr12.Co_Silylation_JACS2015_TS_C-DStep2,1,1,1,1,1,0.816108,0.334103,0.816108,0.822792,0.337829,0.822792,0.999883,0.999883,0.999376,0.896257,0.872059,0.896257,0.89257,0.859966,0.89257
pr12.Co_Silylation_JACS2015_TS_Dstar-Estar,0,1,1,1,1,0.594797,0.340125,0.594797,0.455494,0.450877,0.455494,0.999794,0.999794,0.999656,0.757943,0.757943,0.711516,0.798275,0.798275,0.752558
pr13.Cyclobutane_JOC2023_TS-CD1-3_step2,1,1,1,1,1,1.0,1.0,0.393832,1.0,1.0,0.394254,1.0,1.0,0.999991,1.0,1.0,0.621876,1.0,1.0,0.628794
pr13.Cyclobutane_JOC2023_TS-CD_step1,1,1,1,2,1,1.0,0.490419,1.0,1.0,0.494009,1.0,1.0,0.99998,1.0,1.0,0.515474,1.0,1.0,0.503728,1.0
pr13.Cyclobutane_JOC2023_TS-D1G-3_step3G,1,1,1,1,1,0.996637,0.996637,0.448791,0.996906,0.996906,0.426884,0.999994,0.999993,0.999994,0.998906,0.998906,0.933002,0.998911,0.998911,0.932461
pr13.Cyclobutane_JOC2023_multiplicity_fixed_TS-CD1-3_step2,1,1,1,1,1,0.387836,0.287742,0.387836,0.406581,0.31707,0.406581,0.999902,0.999882,0.999902,0.719044,0.642218,0.719044,0.726474,0.613796,0.726474
pr13.Cyclobutane_JOC2023_multiplicity_fixed_TS-D1G-3_step3G,1,1,1,1,1,1.0,0.993617,1.0,1.0,0.994198,1.0,1.0,0.999995,1.0,1.0,0.997474,1.0,1.0,0.997388,1.0
pr14.Pd_hydroamination_JOC2025_TS11_step1_reductive_coupling,1,1,1,2,2,0.921193,0.890077,0.921193,0.906814,0.89991,0.906814,0.988625,0.988625,0.976318,0.935969,0.935969,0.93432,0.914819,0.914819,0.914796
pr14.Pd_hydroamination_JOC2025_TS12_step2_prot_oxidation,1,1,1,2,1,0.58693,0.264287,0.58693,0.586667,0.314827,0.586667,0.999062,0.997746,0.999062,0.630444,0.476556,0.630444,0.657543,0.425115,0.657543
pr14.Pd_hydroamination_JOC2025_TS13_step3_bHelimination,1,1,1,2,2,0.717742,0.717742,0.329246,0.784687,0.784687,0.770307,0.966753,0.952152,0.966753,0.846698,0.846698,0.679923,0.909432,0.850354,0.909432
pr14.Pd_hydroamination_JOC2025_TS14_step4_reductive_elimination,1,0,1,2,1,0.478808,0.478808,0.234933,0.355349,0.355349,0.265776,0.993428,0.985412,0.993428,0.833765,0.833765,0.642447,0.632518,0.632518,0.46341
pr14.Pd_hydroamination_JOC2025_TS1_step1_OxidativeAdition_bluepath,0,0,0,1,1,0.904753,0.688013,0.904753,0.481809,0.481809,0.437064,0.99999,0.995418,0.99999,0.936043,0.800442,0.936043,0.694485,0.694485,0.644639
pr14.Pd_hydroamination_JOC2025_TS2_step1_OxidativeAdition_blackpath,1,0,1,1,1,0.697587,0.697587,0.606168,0.745255,0.558215,0.745255,0.999947,0.999919,0.999947,0.722297,0.722297,0.688864,0.797428,0.707704,0.797428
pr14.Pd_hydroamination_JOC2025_TS3_step2_alkene_inserion,1,1,1,2,3,0.367209,0.305636,0.367209,0.637574,0.637574,0.45761,0.875865,0.875865,0.839432,0.775851,0.566435,0.775851,0.890381,0.890381,0.829153
pr15.Fe_crosscoupling_ACScat2023_TS-a_step1_halogen_abstraction_mult1,1,1,1,1,1,0.364534,0.339682,0.364534,0.531267,0.476173,0.531267,0.999084,0.999084,0.987751,0.848422,0.822429,0.848422,0.858224,0.858224,0.849159
pr15.Fe_crosscoupling_ACScat2023_TS-a_step1_halogen_abstraction_mult3,0,1,1,1,1,0.411551,0.411551,0.314515,0.627616,0.621803,0.627616,0.99967,0.998633,0.99967,0.851888,0.851888,0.764299,0.831464,0.831464,0.779947
pr15.Fe_crosscoupling_ACScat2023_TS-a_step1_halogen_abstraction_mult5,0,0,0,1,1,0.362875,0.323778,0.362875,0.646401,0.588341,0.646401,0.999968,0.999788,0.999968,0.786858,0.786858,0.700726,0.832893,0.832893,0.776919
pr15.Fe_crosscoupling_ACScat2023_TS-b_step2_radical_recombination_mult2,1,1,1,0,1,0.820331,0.751343,0.820331,0.794725,0.794725,0.739799,1.0,1.0,1.0,0.972415,0.968245,0.972415,0.964059,0.961744,0.964059
pr15.Fe_crosscoupling_ACScat2023_TS-b_step2_radical_recombination_mult4,1,1,1,0,1,0.470939,0.470939,0.446498,0.50564,0.50564,0.464941,1.0,1.0,1.0,0.724004,0.724004,0.724004,0.834112,0.834112,0.834112
pr15.Fe_crosscoupling_ACScat2023_TS-b_step2_radical_recombination_mult6,0,0,0,0,1,0.38011,0.38011,0.332118,0.607068,0.607068,0.580901,1.0,1.0,1.0,0.963378,0.954282,0.963378,0.983308,0.98105,0.983308
pr15.Fe_crosscoupling_ACScat2023_TS-c_step3_reductive_elimination_mult2,1,1,1,2,1,0.884072,0.809231,0.884072,0.859542,0.84195,0.859542,0.993896,0.993896,0.962828,0.920569,0.865664,0.920569,0.874521,0.874521,0.866305
pr15.Fe_crosscoupling_ACScat2023_TS-c_step3_reductive_elimination_mult4,1,1,1,2,1,0.892789,0.892272,0.892789,0.878442,0.878442,0.87769,0.983184,0.983184,0.983095,0.910501,0.909342,0.910501,0.886034,0.886034,0.885338
pr15.Fe_crosscoupling_ACScat2023_TS-c_step3_reductive_elimination_mult6,1,1,1,2,1,0.91091,0.91091,0.566905,0.879081,0.879081,0.542043,0.946865,0.946865,0.937457,0.945186,0.945186,0.694694,0.892949,0.892949,0.652292
pr15.Fe_crosscoupling_ACScat2023_TS2_Step3_bluepath_side_reation_mult2,1,1,1,2,1,0.888359,0.697796,0.888359,0.902992,0.669381,0.902992,0.983202,0.968992,0.983202,0.91401,0.717966,0.91401,0.928084,0.697787,0.928084
pr15.Fe_crosscoupling_ACScat2023_TS2_Step3_bluepath_side_reation_mult4,1,1,1,2,1,0.450607,0.435709,0.450607,0.486826,0.480684,0.486826,0.968656,0.948852,0.968656,0.911366,0.906117,0.911366,0.915278,0.915278,0.913724
pr15.Fe_crosscoupling_ACScat2023_TS2_Step3_bluepath_side_reation_mult6,1,1,1,2,1,0.623751,0.623751,0.474168,0.614319,0.614319,0.4818,0.96998,0.96998,0.936162,0.695504,0.695504,0.667989,0.670612,0.670612,0.656722
pr15.Fe_crosscoupling_ACScat2023_TS2_prime_step2_redPath_mult1,1,1,1,1,1,0.520486,0.315186,0.520486,0.54993,0.359624,0.54993,0.998206,0.990596,0.998206,0.828905,0.828905,0.631601,0.824616,0.824616,0.618618
pr15.Fe_crosscoupling_ACScat2023_TS2_prime_step2_redPath_mult3,1,1,1,1,1,0.521067,0.333204,0.521067,0.515001,0.361495,0.515001,0.99834,0.99834,0.998257,0.847647,0.847647,0.656745,0.767222,0.767222,0.647225
pr15.Fe_crosscoupling_ACScat2023_TS2_prime_step2_redPath_mult5,1,1,1,1,1,0.425578,0.307441,0.425578,0.404319,0.321761,0.404319,0.99369,0.99369,0.988524,0.813601,0.813601,0.63298,0.804482,0.804482,0.556
pr15.Fe_crosscoupling_ACScat2023_TS7_step1_radical_recombination_mult2,1,1,1,0,1,0.27721,0.248564,0.27721,0.51388,0.51388,0.492606,1.0,1.0,1.0,0.73495,0.73495,0.657088,0.846275,0.846275,0.779452
pr15.Fe_crosscoupling_ACScat2023_TS7_step1_radical_recombination_mult4,0,0,0,0,1,0.345552,0.345552,0.225636,0.503516,0.503516,0.485294,1.0,1.0,1.0,0.820211,0.820211,0.772909,0.782953,0.69482,0.782953
pr15.Fe_crosscoupling_ACScat2023_TS7_step1_radical_recombination_mult6,0,0,0,1,1,0.455643,0.439328,0.455643,0.653831,0.653831,0.58522,0.999998,0.999592,0.999998,0.860017,0.860017,0.603391,0.914654,0.914654,0.701924
pr15.Fe_crosscoupling_ACScat2023_TS8_step2_reductive_elimination_mult2,1,1,1,2,1,0.471717,0.444447,0.471717,0.454039,0.454039,0.407079,0.996679,0.996679,0.992669,0.826127,0.755691,0.826127,0.730405,0.730405,0.694233
pr15.Fe_crosscoupling_ACScat2023_TS8_step2_reductive_elimination_mult4,1,1,1,2,1,0.410603,0.350861,0.410603,0.555156,0.439987,0.555156,0.988509,0.975424,0.988509,0.789077,0.584625,0.789077,0.684382,0.684382,0.647437
pr15.Fe_crosscoupling_ACScat2023_TS8_step2_reductive_elimination_mult6,1,1,1,2,2,0.326684,0.265154,0.326684,0.387999,0.25821,0.387999,0.92001,0.92001,0.896323,0.782281,0.635749,0.782281,0.777573,0.631923,0.777573
pr15.Fe_crosscoupling_ACScat2023_multiplicity_fixed_TS-a_step1_halogen_abstraction_mult1,1,1,1,1,1,0.430375,0.346226,0.430375,0.625698,0.523923,0.625698,0.999994,0.992017,0.999994,0.771766,0.752434,0.771766,0.850883,0.850883,0.750655
pr15.Fe_crosscoupling_ACScat2023_multiplicity_fixed_TS-a_step1_halogen_abstraction_mult3,1,1,1,1,1,0.381905,0.345476,0.381905,0.588603,0.580292,0.588603,0.999833,0.99796,0.999833,0.751966,0.751966,0.716552,0.781271,0.781271,0.769065
pr15.Fe_crosscoupling_ACScat2023_multiplicity_fixed_TS-a_step1_halogen_abstraction_mult5,1,1,1,1,1,0.50702,0.410886,0.50702,0.722314,0.643084,0.722314,0.999999,0.998495,0.999999,0.748592,0.716681,0.748592,0.87986,0.727788,0.87986
pr15.Fe_crosscoupling_ACScat2023_multiplicity_fixed_TS-b_step2_radical_recombination_mult2,1,1,1,0,1,0.68692,0.68692,0.556113,0.716464,0.716464,0.601075,1.0,1.0,1.0,0.940384,0.940384,0.859909,0.930955,0.930955,0.891582
pr15.Fe_crosscoupling_ACScat2023_multiplicity_fixed_TS-b_step2_radical_recombination_mult4,1,1,1,0,1,0.468958,0.468958,0.385415,0.568067,0.53551,0.568067,1.0,1.0,1.0,0.75116,0.718828,0.75116,0.812341,0.812341,0.805244
pr15.Fe_crosscoupling_ACScat2023_multiplicity_fixed_TS-b_step2_radical_recombination_mult6,1,1,1,0,1,0.458142,0.458142,0.404208,0.736419,0.736419,0.619451,1.0,1.0,1.0,0.993761,0.993761,0.934075,0.995361,0.995361,0.981942
pr15.Fe_crosscoupling_ACScat2023_multiplicity_fixed_TS2_prime_step2_redPath_mult1,1,1,1,1,1,0.439756,0.431672,0.439756,0.444823,0.421958,0.444823,0.993311,0.983594,0.993311,0.693253,0.691684,0.693253,0.687931,0.680009,0.687931
pr15.Fe_crosscoupling_ACScat2023_multiplicity_fixed_TS2_prime_step2_redPath_mult3,1,1,1,1,1,0.590777,0.590777,0.500291,0.576729,0.576729,0.508651,0.999911,0.999911,0.992846,0.720244,0.720244,0.698973,0.712049,0.712049,0.688836
pr15.Fe_crosscoupling_ACScat2023_multiplicity_fixed_TS2_prime_step2_redPath_mult5,1,1,1,1,1,0.39443,0.382529,0.39443,0.37948,0.37948,0.308285,0.998999,0.983652,0.998999,0.776757,0.661643,0.776757,0.753701,0.654228,0.753701
pr15.Fe_crosscoupling_ACScat2023_multiplicity_fixed_TS7_step1_radical_recombination_mult2,1,1,1,0,1,0.334416,0.313129,0.334416,0.667907,0.613494,0.667907,1.0,1.0,1.0,0.851439,0.851439,0.847226,0.851421,0.84979,0.851421
pr15.Fe_crosscoupling_ACScat2023_multiplicity_fixed_TS7_step1_radical_recombination_mult4,1,1,1,0,1,0.419523,0.377613,0.419523,0.480563,0.479006,0.480563,1.0,1.0,1.0,0.839785,0.83607,0.839785,0.795882,0.795882,0.777102
pr15.Fe_crosscoupling_ACScat2023_multiplicity_fixed_TS7_step1_radical_recombination_mult6,1,1,1,1,1,0.432885,0.376652,0.432885,0.645714,0.492175,0.645714,0.999206,0.967345,0.999206,0.677038,0.594047,0.677038,0.745967,0.632218,0.745967
pr16.carbocation_ts11,1,1,1,1,1,0.597022,0.597022,0.575838,0.526671,0.491897,0.526671,0.99996,0.996101,0.99996,0.766746,0.762434,0.766746,0.903547,0.890916,0.903547
pr16.carbocation_ts12,0,0,0,2,1,0.625508,0.625508,0.270251,0.588825,0.588825,0.467992,0.996354,0.996354,0.953188,0.523759,0.514868,0.523759,0.613743,0.613743,0.538705
pr16.carbocation_ts2,0,1,1,0,0,0.849325,0.493993,0.849325,0.847698,0.49928,0.847698,0.0,0.0,0.0,0.0,0.0,0.0,0.0,0.0,0.0
pr16.carbocation_ts3,1,1,1,0,1,0.998208,0.998208,0.998208,0.999058,0.999058,0.999058,1.0,1.0,1.0,0.999426,0.999426,0.999426,0.999426,0.999426,0.999426
pr16.carbocation_ts4,1,1,1,0,0,0.747962,0.747962,0.408725,0.756741,0.756741,0.445585,0.0,0.0,0.0,0.0,0.0,0.0,0.0,0.0,0.0
pr16.carbocation_ts5,1,0,1,4,2,0.383564,0.315219,0.383564,0.38504,0.383056,0.38504,0.961272,0.937077,0.961272,0.535047,0.404959,0.535047,0.535047,0.404959,0.535047
pr16.carbocation_ts7,1,1,1,1,2,0.555936,0.511967,0.555936,0.47203,0.47203,0.447992,0.997594,0.983548,0.997594,0.666183,0.666183,0.617545,0.724565,0.70402,0.724565
pr16.carbocation_ts8 (wrong GT from the paper!),1,1,1,2,1,0.705063,0.661316,0.705063,0.544808,0.42189,0.544808,0.994448,0.994448,0.962477,0.719378,0.682053,0.719378,0.756553,0.696329,0.756553
pr16.carbocation_ts9,1,1,1,1,1,0.979607,0.963741,0.979607,0.983908,0.974757,0.983908,0.999997,0.999984,0.999997,0.973174,0.949331,0.973174,0.988788,0.982591,0.988788
pr17.carbene.ins_ts6a,1,1,1,1,1,0.365805,0.318001,0.365805,0.408477,0.380944,0.408477,0.999993,0.999993,0.999985,0.837852,0.737816,0.837852,0.76914,0.677307,0.76914
pr17.carbene.ins_ts8,1,1,1,1,2,0.94261,0.928132,0.94261,0.940072,0.924005,0.940072,0.998865,0.996605,0.998865,0.946652,0.930965,0.946652,0.942635,0.9262,0.942635
pr18.Au.alkyl_tsBC,1,1,1,2,1,0.371881,0.370104,0.371881,0.452774,0.444909,0.452774,0.991872,0.989651,0.991872,0.731232,0.728381,0.731232,0.706146,0.70461,0.706146
pr19.heck_ts1,1,1,1,2,2,0.838405,0.838405,0.539316,0.840671,0.840671,0.560323,0.998503,0.997866,0.998503,0.844134,0.844134,0.793685,0.84223,0.84223,0.711001
pr19.heck_ts9,1,1,1,1,1,0.387155,0.387155,0.360238,0.785857,0.674609,0.785857,0.991186,0.991186,0.889988,0.825723,0.726918,0.825723,0.96929,0.82081,0.96929
pr2.mbh_ts1,1,1,1,1,1,0.554926,0.554926,0.541331,0.572501,0.572501,0.535387,0.999614,0.999614,0.999479,0.730691,0.730691,0.71425,0.729892,0.729892,0.713721
pr2.mbh_ts2,1,1,1,1,1,0.512317,0.512317,0.463688,0.532043,0.532043,0.479919,0.999983,0.999965,0.999983,0.830026,0.830026,0.77644,0.836341,0.836341,0.785495
pr2.mbh_ts8,1,1,1,1,1,0.531981,0.531981,0.499473,0.702788,0.702788,0.662436,0.99996,0.99996,0.999898,0.745112,0.745112,0.71036,0.745058,0.745058,0.710308
pr3.Suzuki.Ni_ts11.TM,1,1,1,1,1,0.27075,0.27075,0.230786,0.263224,0.263224,0.245584,0.999933,0.999933,0.998066,0.677016,0.677016,0.584497,0.632906,0.632906,0.547332
pr3.Suzuki.Ni_ts14.RE,1,1,1,2,1,0.350107,0.334415,0.350107,0.357898,0.334757,0.357898,0.975481,0.974072,0.975481,0.816998,0.816998,0.797428,0.76793,0.747643,0.76793
pr3.Suzuki.Ni_ts7.OA,1,1,1,1,0,0.645076,0.645076,0.600274,0.634412,0.634412,0.568922,1.0,1.0,1.0,0.972133,0.972133,0.789796,0.972829,0.972829,0.793283
pr4.Suzuki-Brcleavage_ts1.Br-cleavage-A,1,1,1,1,1,0.490953,0.490953,0.483558,0.611446,0.609391,0.611446,0.999945,0.999158,0.999945,0.794833,0.794833,0.789886,0.759206,0.66928,0.759206
pr4.Suzuki-Brcleavage_ts1.Br-cleavage-B,1,1,1,0,0,0.968701,0.952865,0.968701,0.960613,0.915167,0.960613,0.0,0.0,0.0,0.0,0.0,0.0,0.0,0.0,0.0
pr4.Suzuki-Brcleavage_ts1.Br-cleavage-C,1,1,1,1,1,0.933566,0.933566,0.922508,0.957896,0.957896,0.953654,0.999783,0.998259,0.999783,0.951572,0.947401,0.951572,0.963233,0.96313,0.963233
pr4.Suzuki-Brcleavage_ts1.Br-cleavage-D,1,1,1,1,1,0.520013,0.512927,0.520013,0.702335,0.506689,0.702335,0.999618,0.997683,0.999618,0.78257,0.760478,0.78257,0.726621,0.697118,0.726621
pr4.Suzuki-Brcleavage_ts2.Br-cleavage-A,1,1,1,1,1,0.614199,0.598447,0.614199,0.687706,0.67461,0.687706,0.999986,0.999986,0.999172,0.65009,0.623888,0.65009,0.737599,0.737599,0.698147
pr4.Suzuki-Brcleavage_ts2.Br-cleavage-B,1,1,1,1,2,0.918067,0.918067,0.839453,0.902019,0.902019,0.82651,0.999964,0.999964,0.999929,0.951947,0.951947,0.875342,0.925459,0.925459,0.854853
pr4.Suzuki-Brcleavage_ts2.Br-cleavage-C,1,1,1,1,1,0.49068,0.49068,0.433075,0.587851,0.587851,0.562611,0.999802,0.999355,0.999802,0.773197,0.755034,0.773197,0.72115,0.72115,0.687431
pr4.Suzuki-Brcleavage_ts2.Br-cleavage-D,1,1,1,1,1,0.669998,0.583714,0.669998,0.790566,0.779676,0.790566,0.999417,0.999417,0.9911,0.783435,0.694073,0.783435,0.832596,0.807074,0.832596
pr5.Noyori_ts26,1,1,1,1,1,0.663369,0.49451,0.663369,0.487911,0.396443,0.487911,0.999852,0.999769,0.999852,0.787105,0.684683,0.787105,0.626312,0.556569,0.626312
pr5.Noyori_ts45,1,1,1,2,2,0.978792,0.954178,0.978792,0.926207,0.775964,0.926207,0.998866,0.989426,0.998866,0.988939,0.974591,0.988939,0.940962,0.788076,0.940962
pr5.Noyori_ts56,1,1,1,1,1,0.892486,0.860811,0.892486,0.882307,0.826822,0.882307,0.996821,0.996821,0.995804,0.919193,0.888146,0.919193,0.910729,0.841891,0.910729
pr5.Noyori_ts5H2,1,1,1,0,0,0.948174,0.836196,0.948174,0.940409,0.83511,0.940409,0.0,0.0,0.0,0.0,0.0,0.0,0.0,0.0,0.0
pr5.Noyori_ts65,1,1,1,3,2,0.534729,0.534729,0.49575,0.420137,0.358589,0.420137,0.847542,0.793828,0.847542,0.574201,0.574201,0.541323,0.536341,0.414627,0.536341
pr6.AlNHCs_tsI,1,1,1,1,0,0.455929,0.455929,0.44001,0.520889,0.49238,0.520889,1.0,1.0,1.0,0.86533,0.798387,0.86533,0.896485,0.834659,0.896485
pr6.AlNHCs_tsII,1,1,1,0,1,0.600796,0.594082,0.600796,0.686008,0.650132,0.686008,1.0,1.0,1.0,0.945571,0.945571,0.888693,0.945442,0.945442,0.888403
pr7.V.dodh_ts1011-triplet,1,1,1,1,1,0.559623,0.406686,0.559623,0.579437,0.495929,0.579437,0.999837,0.999837,0.999633,0.698405,0.698405,0.602299,0.705272,0.705272,0.600609
pr7.V.dodh_ts1015,1,1,1,0,1,0.804513,0.516721,0.804513,0.901602,0.668108,0.901602,1.0,1.0,1.0,0.982641,0.784097,0.982641,0.985699,0.834175,0.985699
pr7.V.dodh_ts1112-triplet,1,0,1,1,1,0.388944,0.311666,0.388944,0.435518,0.435518,0.383281,0.999978,0.999978,0.999769,0.982096,0.982096,0.878027,0.984333,0.984333,0.932146
pr7.V.dodh_ts13,1,1,1,0,1,0.705855,0.705855,0.685182,0.763508,0.763508,0.743354,1.0,1.0,1.0,0.830732,0.830732,0.812392,0.832514,0.832514,0.815877
pr7.V.dodh_ts1314,1,0,1,3,3,0.63546,0.628375,0.63546,0.625139,0.467996,0.625139,0.976199,0.976199,0.974774,0.661918,0.62951,0.661918,0.646085,0.53591,0.646085
pr7.V.dodh_ts14,0,0,0,1,1,0.696587,0.543174,0.696587,0.645507,0.564589,0.645507,0.999731,0.999731,0.984733,0.838284,0.703711,0.838284,0.712824,0.642283,0.712824
pr7.V.dodh_ts141,1,1,1,0,1,0.511866,0.511866,0.409459,0.692209,0.692209,0.563957,1.0,1.0,1.0,0.895144,0.832277,0.895144,0.90899,0.894382,0.90899
pr7.V.dodh_ts156,0,1,1,2,2,0.757575,0.417967,0.757575,0.732871,0.511017,0.732871,0.986675,0.979698,0.986675,0.817519,0.617987,0.817519,0.750775,0.605962,0.750775
pr7.V.dodh_ts19,0,0,0,2,2,0.439168,0.439168,0.409525,0.559038,0.441276,0.559038,0.818407,0.818407,0.723613,0.668995,0.634056,0.668995,0.786567,0.60697,0.786567
pr7.V.dodh_ts25-singlet,0,0,0,2,2,0.643537,0.526441,0.643537,0.773387,0.635965,0.773387,0.983837,0.928925,0.983837,0.899719,0.899719,0.730264,0.953186,0.953186,0.818787
pr7.V.dodh_ts25-triplet,1,0,1,2,2,0.260874,0.260874,0.14959,0.417669,0.417669,0.41241,0.971344,0.971344,0.945329,0.676818,0.676818,0.589244,0.652641,0.652641,0.53634
pr7.V.dodh_ts32,1,0,1,2,1,0.508737,0.508737,0.498088,0.535703,0.535703,0.477333,0.999342,0.991487,0.999342,0.72117,0.702737,0.72117,0.754146,0.706137,0.754146
pr7.V.dodh_ts45-singlet,1,0,1,2,2,0.342858,0.342858,0.211644,0.342789,0.342789,0.287641,0.870557,0.870557,0.825373,0.670256,0.586368,0.670256,0.721669,0.721669,0.597309
pr7.V.dodh_ts45-triplet,0,1,1,2,2,0.250201,0.250201,0.133813,0.430593,0.430593,0.394437,0.79284,0.79284,0.754071,0.585805,0.585805,0.579119,0.794513,0.61003,0.794513
pr7.V.dodh_ts56-singlet,1,0,1,4,4,0.701821,0.594045,0.701821,0.468233,0.468233,0.424254,0.924107,0.924107,0.755149,0.866476,0.782278,0.866476,0.554912,0.554912,0.527335
pr7.V.dodh_ts56-triplet,1,0,1,4,4,0.904165,0.904165,0.822106,0.851511,0.851511,0.59324,0.986399,0.977477,0.986399,0.936087,0.907829,0.936087,0.861009,0.861009,0.724965
pr7.V.dodh_ts61,1,1,1,2,3,0.717507,0.700085,0.717507,0.732943,0.714687,0.732943,0.972426,0.935021,0.972426,0.750989,0.733982,0.750989,0.755944,0.740034,0.755944
pr7.V.dodh_ts67,1,1,1,1,1,0.808933,0.774584,0.808933,0.634967,0.565591,0.634967,0.99972,0.994999,0.99972,0.860839,0.827117,0.860839,0.664909,0.592404,0.664909
pr7.V.dodh_ts71,1,1,1,2,3,0.385144,0.385144,0.377097,0.373339,0.373339,0.372296,0.976042,0.976042,0.941795,0.509053,0.509053,0.508885,0.515349,0.482644,0.515349
pr7.V.dodh_ts81-b,1,1,1,2,2,0.66647,0.66647,0.612389,0.542301,0.542301,0.470105,0.969999,0.969999,0.961933,0.683866,0.683866,0.627771,0.554373,0.554373,0.509208
pr7.V.dodh_ts81,1,1,1,2,2,0.919256,0.90337,0.919256,0.920917,0.90538,0.920917,0.997859,0.997215,0.997859,0.931672,0.917785,0.931672,0.925083,0.910798,0.925083
pr7.V.dodh_ts910-water,0,1,1,2,2,0.430472,0.299237,0.430472,0.447859,0.339543,0.447859,0.961937,0.961937,0.923264,0.64481,0.64481,0.615161,0.707821,0.707821,0.649579
pr7.V.dodh_ts910,0,0,0,2,2,0.54687,0.54687,0.37305,0.391236,0.367789,0.391236,0.996545,0.958426,0.996545,0.65186,0.547587,0.65186,0.690932,0.584471,0.690932
pr8.ketenes_ts1prime,1,1,1,1,0,0.74103,0.660107,0.74103,0.72937,0.642844,0.72937,1.0,1.0,1.0,0.838579,0.77511,0.838579,0.838579,0.77511,0.838579
pr8.ketenes_ts2prime,1,1,1,0,1,0.562919,0.562919,0.556436,0.554473,0.554473,0.547974,1.0,1.0,1.0,0.822005,0.822005,0.822005,0.815972,0.815972,0.815972
pr9.carbene.rearr_ts10,1,1,1,1,2,0.977733,0.975258,0.977733,0.977598,0.975775,0.977598,0.965596,0.963194,0.965596,0.976933,0.975251,0.976933,0.976933,0.975251,0.976933
pr9.carbene.rearr_ts11,1,1,1,2,1,0.926886,0.926886,0.697898,0.926388,0.926388,0.696653,0.999966,0.999966,0.999908,0.928194,0.928194,0.761935,0.927504,0.927504,0.770094
pr9.carbene.rearr_ts13a,1,1,1,1,2,0.997837,0.997837,0.990449,0.997911,0.997911,0.990693,0.998114,0.997928,0.998114,0.999,0.999,0.994129,0.999,0.999,0.994129
pr9.carbene.rearr_ts33,1,1,1,3,3,0.768693,0.767457,0.768693,0.766014,0.76477,0.766014,0.966569,0.966569,0.962598,0.850897,0.850897,0.848777,0.850897,0.850897,0.848777
pr9.carbene.rearr_ts39-endo,1,1,1,1,2,0.756952,0.532486,0.756952,0.785855,0.550983,0.785855,0.984671,0.982684,0.984671,0.831891,0.700835,0.831891,0.831891,0.700835,0.831891
pr9.carbene.rearr_ts41a-endo,1,1,1,1,2,0.405734,0.405734,0.390341,0.429073,0.429073,0.412527,0.998837,0.995228,0.998837,0.752298,0.670074,0.752298,0.752298,0.670074,0.752298
pr9.carbene.rearr_ts42,1,1,1,1,2,0.891881,0.891881,0.84061,0.895546,0.895546,0.843739,0.987765,0.960025,0.987765,0.932186,0.932186,0.878315,0.932186,0.932186,0.878315
pr9.carbene.rearr_ts47a,1,1,1,2,2,0.677869,0.632457,0.677869,0.697547,0.648473,0.697547,0.996992,0.995822,0.996992,0.699811,0.648998,0.699811,0.699811,0.648998,0.699811
