step,n_ig,top1_any,top1_any_imag,top2_any,top2_any_imag,top3_any,top3_any_imag,top4_any,top4_any_imag,top5_any,top5_any_imag,top6_any,top6_any_imag,top7_any,top7_any_imag,top8_any,top8_any_imag,top9_any,top9_any_imag,top10_any,top10_any_imag,top11_any,top11_any_imag,top12_any,top12_any_imag,top13_any,top13_any_imag,top14_any,top14_any_imag,top15_any,top15_any_imag,top16_any,top16_any_imag,top17_any,top17_any_imag,top18_any,top18_any_imag,top19_any,top19_any_imag,top20_any,top20_any_imag,verifier_top1,verifier_top1_picked,verifier_top2,verifier_top2_picked,verifier_top3,verifier_top3_picked,verifier_top4,verifier_top4_picked,verifier_top5,verifier_top5_picked
Jackie_TS_01,20,1.0,1.0,1.0,1.0,0.793522,0.793522,0.784699,0.784699,0.757673,0.757673,0.748264,0.748264,0.53334,0.53334,0.481007,0.481007,0.46803,0.46803,0.467538,0.467538,0.465475,0.465475,0.456823,0.456823,0.451436,0.451436,0.403818,0.275009,0.389479,0.212983,0.388978,0.159488,0.367969,0.086496,0.362437,0.062565,0.361137,0.040201,0.360024,0.015492,1.0,1.0,0.481007,0.481007,1.0,1.0,0.451436,0.451436,0.784699,0.784699
Jackie_TS_02,19,1.0,1.0,1.0,1.0,1.0,1.0,1.0,1.0,0.974492,0.974492,0.974492,0.974492,0.974492,0.974492,0.660288,0.578755,0.638493,0.528211,0.638444,0.525211,0.619972,0.512492,0.580123,0.210066,0.578755,0.157003,0.528211,0.075157,0.525211,0.069112,0.512492,0.049719,0.494451,0.047041,0.473399,0.044999,0.317254,0.025968,0.0,0.0,0.525211,0.525211,0.974492,0.974492,0.512492,0.512492,0.974492,0.974492,0.974492,0.974492
Jackie_TS_03,20,1.0,1.0,1.0,1.0,1.0,1.0,1.0,1.0,1.0,1.0,1.0,1.0,1.0,1.0,0.189343,0.189343,0.189255,0.189255,0.189149,0.189149,0.188806,0.188806,0.188267,0.188267,0.188177,0.188177,0.187621,0.187621,0.187453,0.187453,0.187449,0.187449,0.187215,0.187215,0.187204,0.187204,0.186844,0.186844,0.186115,0.186115,0.187449,0.187449,1.0,1.0,0.186844,0.186844,1.0,1.0,1.0,1.0
Jackie_TS_04,20,1.0,1.0,1.0,1.0,0.926266,0.926266,0.903561,0.903561,0.870802,0.870802,0.860097,0.860097,0.773528,0.773528,0.765093,0.765093,0.730514,0.730514,0.686119,0.686119,0.684946,0.684946,0.682338,0.682338,0.664323,0.664323,0.656306,0.656306,0.626137,0.626137,0.606745,0.606745,0.584732,0.584732,0.578705,0.578705,0.522393,0.522393,0.514825,0.514825,0.686119,0.686119,0.870802,0.870802,0.926266,0.926266,0.656306,0.656306,0.664323,0.664323
Jackie_TS_05,20,1.0,1.0,1.0,1.0,1.0,1.0,1.0,1.0,1.0,1.0,1.0,1.0,0.993976,0.993976,0.830974,0.760137,0.815297,0.426143,0.815149,0.083275,0.807976,0.059645,0.760137,0.047483,0.749107,0.045925,0.729297,0.041987,0.682232,0.040966,0.63862,0.037354,0.61609,0.032141,0.547802,0.028055,0.514005,0.028023,0.501004,0.022797,0.760137,0.760137,1.0,1.0,1.0,1.0,1.0,1.0,1.0,1.0
Jackie_TS_06,19,1.0,1.0,1.0,1.0,0.915109,0.915109,0.902436,0.902436,0.896304,0.896304,0.883484,0.883484,0.881965,0.881965,0.866126,0.866126,0.832832,0.832832,0.83247,0.83247,0.775841,0.775841,0.752522,0.752522,0.744245,0.744245,0.7139,0.7139,0.615808,0.615808,0.592975,0.592975,0.592975,0.592975,0.565785,0.565785,0.550079,0.550079,0.0,0.0,0.83247,0.83247,0.896304,0.896304,0.550079,0.550079,0.7139,0.7139,0.881965,0.881965
Jackie_TS_07,20,1.0,1.0,0.965744,0.965744,0.948655,0.948655,0.944204,0.944204,0.913196,0.913196,0.850949,0.850949,0.848165,0.848165,0.847953,0.847953,0.847122,0.847122,0.845389,0.845389,0.837728,0.837728,0.837388,0.837388,0.829787,0.829787,0.81706,0.81706,0.814678,0.814678,0.80477,0.80477,0.774116,0.774116,0.769725,0.769725,0.738574,0.738574,0.667706,0.667706,0.814678,0.814678,0.667706,0.667706,1.0,1.0,0.774116,0.774116,0.769725,0.769725
Jackie_TS_08,20,0.950214,0.950214,0.946861,0.946861,0.936117,0.936117,0.923649,0.923649,0.920708,0.920708,0.919702,0.919702,0.911439,0.911439,0.896675,0.896675,0.882517,0.882517,0.88205,0.88205,0.852504,0.852504,0.84765,0.84765,0.847025,0.847025,0.845749,0.845749,0.830496,0.830496,0.80828,0.80828,0.778641,0.778641,0.649402,0.649402,0.62707,0.62707,0.566321,0.566321,0.923649,0.923649,0.919702,0.919702,0.896675,0.896675,0.88205,0.88205,0.84765,0.84765
Jackie_TS_09,20,0.795213,0.795213,0.795213,0.795213,0.778001,0.778001,0.511695,0.311443,0.495929,0.307011,0.425174,0.295676,0.424199,0.125113,0.423384,0.115125,0.419161,0.096641,0.411415,0.037826,0.406362,0.004079,0.404809,0.0,0.343415,0.0,0.333916,0.0,0.311443,0.0,0.307011,0.0,0.306104,0.0,0.303317,0.0,0.297571,0.0,0.288058,0.0,0.307011,0.307011,0.778001,0.778001,0.311443,0.311443,0.297571,0.295676,0.795213,0.795213
Jackie_TS_10,20,1.0,1.0,1.0,1.0,0.565432,0.565432,0.555496,0.555496,0.548602,0.548602,0.543548,0.543548,0.541073,0.541073,0.538913,0.538913,0.537615,0.537615,0.537615,0.537615,0.537615,0.537615,0.513589,0.513589,0.460706,0.425236,0.431357,0.422844,0.425236,0.399237,0.422844,0.391324,0.399237,0.321609,0.391324,0.095085,0.331448,0.040468,0.309974,0.031648,0.331448,0.040468,1.0,1.0,0.431357,0.321609,0.513589,0.477063,0.565432,0.401784
Jackie_TS_11,20,1.0,1.0,1.0,1.0,0.962434,0.962434,0.955559,0.955559,0.954585,0.954585,0.946439,0.946439,0.942835,0.942835,0.9389,0.9389,0.9389,0.9389,0.936655,0.936655,0.924292,0.924292,0.905106,0.905106,0.904558,0.904558,0.903866,0.903866,0.895014,0.895014,0.894931,0.894931,0.894326,0.894326,0.892841,0.892841,0.887983,0.887983,0.887031,0.887031,0.924292,0.924292,0.905106,0.905106,0.946439,0.946439,1.0,1.0,1.0,1.0
Jackie_TS_12,20,0.93937,0.93937,0.932212,0.932212,0.920056,0.920056,0.902089,0.902089,0.898698,0.898698,0.892296,0.892296,0.882108,0.882108,0.877323,0.877323,0.874675,0.874675,0.872935,0.872935,0.869413,0.869413,0.866734,0.866734,0.866053,0.866053,0.842586,0.842586,0.841181,0.841181,0.8329,0.8329,0.815014,0.815014,0.811911,0.811911,0.810451,0.810451,0.809499,0.809499,0.882108,0.882108,0.841181,0.841181,0.866053,0.866053,0.920056,0.920056,0.872935,0.872935
Jackie_TS_13,20,1.0,1.0,0.807616,0.807616,0.710346,0.710346,0.702027,0.702027,0.698473,0.698473,0.682174,0.682174,0.616192,0.616192,0.602268,0.602268,0.60153,0.60153,0.60102,0.60102,0.583348,0.583348,0.561251,0.561251,0.548504,0.548504,0.53741,0.53741,0.487759,0.487759,0.487759,0.487759,0.485476,0.485476,0.437887,0.437887,0.360613,0.229103,0.340072,0.167292,0.340072,0.167292,1.0,1.0,0.548504,0.548504,0.698473,0.698473,0.60153,0.60153
Jackie_TS_15,19,1.0,1.0,1.0,1.0,1.0,1.0,1.0,1.0,1.0,1.0,1.0,1.0,1.0,1.0,1.0,1.0,1.0,1.0,1.0,1.0,1.0,1.0,0.583411,0.583411,0.465626,0.465626,0.417732,0.300775,0.360298,0.284079,0.359625,0.273747,0.329742,0.272615,0.304842,0.250512,0.284079,0.196202,0.0,0.0,0.583411,0.583411,0.304842,0.272615,0.359625,0.101672,0.284079,0.284079,0.360298,0.196202
Jackie_TS_16,20,0.842924,0.842924,0.816511,0.816511,0.815477,0.815477,0.813427,0.813427,0.808182,0.808182,0.80262,0.80262,0.797594,0.797594,0.796112,0.796112,0.777353,0.777353,0.766586,0.766586,0.754179,0.754179,0.751459,0.751459,0.751435,0.751435,0.751169,0.751169,0.725538,0.725538,0.647621,0.647621,0.631702,0.631702,0.631218,0.631218,0.631218,0.631218,0.631061,0.631061,0.631702,0.631702,0.842924,0.842924,0.631218,0.631218,0.725538,0.725538,0.766586,0.766586
Jackie_TS_17,20,0.520347,0.489043,0.517511,0.446081,0.51237,0.380118,0.506526,0.378307,0.492649,0.353946,0.489043,0.332518,0.481915,0.321785,0.473363,0.321244,0.446938,0.31892,0.446081,0.311077,0.440767,0.300086,0.436446,0.298666,0.43176,0.298258,0.427523,0.277006,0.425799,0.266212,0.418413,0.253719,0.411318,0.251228,0.410315,0.249045,0.403695,0.247687,0.378307,0.231198,0.446081,0.446081,0.51237,0.231198,0.410315,0.332518,0.378307,0.378307,0.446938,0.31892
Jackie_TS_18,20,1.0,1.0,1.0,1.0,0.990135,0.990135,0.98769,0.98769,0.987533,0.987533,0.986569,0.986569,0.985812,0.985812,0.985322,0.985322,0.981192,0.981192,0.979979,0.979979,0.979979,0.979979,0.979728,0.979728,0.979317,0.979317,0.977524,0.977524,0.974659,0.974659,0.963353,0.963353,0.960596,0.960596,0.956804,0.956804,0.3782,0.318515,0.318515,0.239675,0.956804,0.956804,0.979979,0.979979,0.979979,0.979979,0.318515,0.318515,0.960596,0.960596
Jackie_TS_19,20,0.70924,0.70924,0.690659,0.690659,0.690659,0.690659,0.690659,0.690659,0.688377,0.688377,0.651096,0.651096,0.443491,0.418446,0.443491,0.0,0.443491,0.0,0.436162,0.0,0.435629,0.0,0.418446,0.0,0.416215,0.0,0.416215,0.0,0.40219,0.0,0.396068,0.0,0.296817,0.0,0.296817,0.0,0.295164,0.0,0.293709,0.0,0.70924,0.70924,0.690659,0.690659,0.418446,0.418446,0.651096,0.651096,0.690659,0.690659
Jackie_TS_20,20,0.941014,0.941014,0.938687,0.938687,0.938641,0.938641,0.938475,0.938475,0.934426,0.934426,0.929464,0.929464,0.927142,0.927142,0.81769,0.81769,0.789738,0.789738,0.78067,0.78067,0.753961,0.753961,0.735418,0.735418,0.719931,0.719931,0.665712,0.665712,0.569727,0.569727,0.491006,0.491006,0.481761,0.240704,0.474565,0.239661,0.285106,0.190279,0.279278,0.0,0.929464,0.929464,0.78067,0.78067,0.927142,0.927142,0.938687,0.938687,0.941014,0.941014
pr1.tempo_ts1,20,0.654545,0.654545,0.576021,0.463462,0.55779,0.392048,0.526503,0.378233,0.502603,0.342798,0.50201,0.338412,0.479734,0.328971,0.463462,0.302385,0.439061,0.301762,0.415919,0.294027,0.411677,0.292498,0.403613,0.275883,0.397609,0.267901,0.394843,0.266895,0.394842,0.22613,0.392048,0.213241,0.384605,0.168049,0.380911,0.14934,0.368726,0.137883,0.352988,0.041312,0.526503,0.235049,0.479734,0.104389,0.403613,0.243733,0.394843,0.267901,0.394842,0.148794
pr1.tempo_ts10,20,0.435579,0.432966,0.434447,0.409537,0.432966,0.394768,0.427247,0.352317,0.425393,0.324614,0.409537,0.306401,0.394768,0.304755,0.390901,0.303677,0.388471,0.301023,0.384327,0.300732,0.378761,0.296817,0.377719,0.296138,0.365528,0.295705,0.343891,0.290711,0.339497,0.280609,0.323695,0.280408,0.254819,0.241392,0.241392,0.169362,0.227456,0.068129,0.21525,0.015229,0.425393,0.296817,0.323695,0.280408,0.343891,0.324614,0.377719,0.280609,0.384327,0.301023
pr1.tempo_ts2,20,0.694585,0.257472,0.673656,0.256421,0.637485,0.252793,0.634404,0.252621,0.601465,0.24958,0.601229,0.201003,0.596387,0.200705,0.595894,0.195886,0.594197,0.192537,0.587325,0.192192,0.548665,0.166692,0.533976,0.165106,0.515435,0.16204,0.473998,0.153158,0.453489,0.139039,0.450892,0.133673,0.434571,0.106211,0.412314,0.077,0.355671,0.028681,0.316579,0.023109,0.515435,0.192537,0.694585,0.153158,0.595894,0.023109,0.601229,0.200705,0.637485,0.201003
pr1.tempo_ts3,20,0.975813,0.975813,0.966623,0.966623,0.966623,0.966623,0.96152,0.96152,0.946188,0.946188,0.938385,0.938385,0.937376,0.937376,0.933962,0.933962,0.931184,0.931184,0.930893,0.930893,0.91891,0.91891,0.908628,0.908628,0.908547,0.908547,0.904182,0.904182,0.886771,0.886771,0.885979,0.885979,0.883065,0.883065,0.879798,0.879798,0.860458,0.860458,0.853314,0.853314,0.966623,0.966623,0.853314,0.853314,0.966623,0.966623,0.933962,0.933962,0.931184,0.931184
pr1.tempo_ts4,20,0.543203,0.132683,0.459842,0.127373,0.409419,0.119893,0.391436,0.115473,0.390957,0.100456,0.38911,0.093334,0.384388,0.092606,0.381555,0.08519,0.379813,0.070843,0.368002,0.069994,0.367387,0.061029,0.361893,0.055743,0.354614,0.044234,0.35036,0.032773,0.339771,0.021436,0.336759,0.021004,0.33393,0.019019,0.324327,0.016127,0.285761,0.00921,0.262926,0.007612,0.339771,0.044234,0.285761,0.061993,0.354614,0.119893,0.381555,0.115473,0.459842,0.056366
pr1.tempo_ts5,20,0.630757,0.630757,0.55376,0.474907,0.55356,0.0,0.552063,0.0,0.530974,0.0,0.530074,0.0,0.530074,0.0,0.530074,0.0,0.50271,0.0,0.494393,0.0,0.494393,0.0,0.494393,0.0,0.478972,0.0,0.474907,0.0,0.46303,0.0,0.43293,0.0,0.429536,0.0,0.416924,0.0,0.416924,0.0,0.412856,0.0,0.552063,0.242333,0.55376,0.243636,0.530074,0.215298,0.630757,0.630757,0.474907,0.474907
pr1.tempo_ts6,20,0.670742,0.364831,0.613136,0.224807,0.583403,0.204471,0.565528,0.202647,0.537085,0.199972,0.536215,0.196868,0.521331,0.189096,0.520753,0.188177,0.512321,0.183022,0.511526,0.179546,0.50537,0.179308,0.476685,0.178373,0.473189,0.172102,0.468138,0.168077,0.461227,0.165388,0.446915,0.163215,0.432082,0.148271,0.431498,0.121965,0.364831,0.105802,0.35514,0.100146,0.583403,0.188177,0.50537,0.163215,0.35514,0.196868,0.446915,0.178373,0.431498,0.183022
pr1.tempo_ts8,20,0.964062,0.964062,0.951121,0.951121,0.94673,0.94673,0.943773,0.943773,0.941484,0.941484,0.941205,0.941205,0.93779,0.93779,0.935808,0.935808,0.932918,0.932918,0.927003,0.927003,0.914583,0.914583,0.90399,0.90399,0.884926,0.884926,0.810724,0.810724,0.785216,0.785216,0.778916,0.778916,0.762558,0.762558,0.756877,0.756877,0.752244,0.752244,0.748406,0.748406,0.964062,0.964062,0.943773,0.943773,0.94673,0.94673,0.810724,0.810724,0.93779,0.93779
pr1.tempo_ts9,20,0.510311,0.418077,0.476141,0.406456,0.472392,0.392472,0.453709,0.383092,0.438698,0.38201,0.418077,0.319128,0.415569,0.305292,0.406456,0.2979,0.405323,0.27606,0.405155,0.234771,0.392472,0.18837,0.385468,0.141821,0.383092,0.06525,0.38201,0.0,0.371723,0.0,0.352088,0.0,0.336086,0.0,0.310385,0.0,0.30331,0.0,0.264651,0.0,0.352088,0.18837,0.264651,0.141821,0.406456,0.406456,0.336086,0.319128,0.385468,0.2979
pr10.carborane_ts1,20,0.864967,0.864967,0.758506,0.758506,0.657751,0.657751,0.653648,0.653648,0.637163,0.637163,0.554111,0.554111,0.496609,0.496609,0.477507,0.477507,0.469717,0.469717,0.452679,0.452679,0.430962,0.430962,0.425723,0.425723,0.416859,0.416859,0.413424,0.413424,0.408921,0.408921,0.399835,0.399835,0.362614,0.362614,0.350449,0.350449,0.345137,0.345137,0.31379,0.31379,0.362614,0.362614,0.864967,0.864967,0.31379,0.31379,0.408921,0.408921,0.345137,0.345137
pr10.carborane_ts2,20,0.642161,0.642161,0.622101,0.622101,0.605533,0.605533,0.584186,0.584186,0.576737,0.576737,0.354873,0.354873,0.349512,0.349512,0.349512,0.349512,0.349312,0.349312,0.349312,0.349312,0.349312,0.349312,0.349312,0.349312,0.344562,0.344562,0.336896,0.336896,0.331911,0.331911,0.319145,0.319145,0.310058,0.310058,0.310058,0.310058,0.300848,0.300848,0.266143,0.266143,0.642161,0.642161,0.576737,0.576737,0.622101,0.622101,0.331911,0.331911,0.349512,0.349512
pr10.carborane_ts3,20,0.832823,0.173983,0.76525,0.142136,0.75186,0.142086,0.715061,0.136422,0.677616,0.12542,0.650497,0.122998,0.638003,0.115202,0.620104,0.073047,0.599699,0.037363,0.599699,0.035567,0.590997,0.03294,0.584791,0.032817,0.580075,0.025287,0.580075,0.025287,0.565916,0.025074,0.517292,0.024246,0.491648,0.021085,0.48467,0.020743,0.434604,0.016656,0.378978,0.010038,0.76525,0.122998,0.650497,0.142086,0.638003,0.173983,0.75186,0.12542,0.677616,0.136422
pr11.cycloadditions_tsIIIa,20,0.420697,0.172609,0.414562,0.110359,0.39267,0.106847,0.356093,0.092074,0.348923,0.092074,0.348923,0.092074,0.325594,0.092074,0.325594,0.091997,0.323917,0.08816,0.317673,0.087864,0.317162,0.087864,0.317162,0.087764,0.314878,0.087165,0.313298,0.087161,0.312373,0.087065,0.311751,0.087065,0.311068,0.084979,0.3106,0.084979,0.308117,0.084247,0.308117,0.069919,0.314878,0.08816,0.311751,0.087065,0.312373,0.087065,0.325594,0.087864,0.325594,0.087864
pr11.cycloadditions_tsIIIb,20,0.34632,0.247512,0.328118,0.237176,0.325206,0.207358,0.32338,0.202508,0.321925,0.184895,0.317134,0.184522,0.317035,0.172518,0.317035,0.172418,0.305984,0.171159,0.302262,0.170712,0.301408,0.166635,0.3014,0.164464,0.294836,0.164464,0.294736,0.163966,0.292781,0.162854,0.288659,0.160226,0.286718,0.156476,0.284537,0.149422,0.284438,0.135517,0.27164,0.09321,0.34632,0.09321,0.27164,0.247512,0.32338,0.237176,0.286718,0.202508,0.288659,0.184522
pr11.cycloadditions_tsIIa,20,0.743528,0.743528,0.712206,0.712206,0.405083,0.405083,0.292396,0.232492,0.287272,0.230376,0.286935,0.176314,0.285022,0.175572,0.283803,0.170655,0.283803,0.165243,0.283803,0.164242,0.283803,0.163602,0.283803,0.163602,0.282889,0.163602,0.282889,0.163602,0.281678,0.163602,0.278842,0.159481,0.278812,0.154474,0.272779,0.150124,0.265867,0.150124,0.224086,0.118417,0.281678,0.164242,0.743528,0.743528,0.224086,0.159481,0.265867,0.232492,0.286935,0.170655
pr11.cycloadditions_tsIIb,20,0.462808,0.462808,0.385499,0.333603,0.333603,0.24178,0.333007,0.073477,0.327608,0.073477,0.327306,0.073477,0.325091,0.073477,0.323393,0.072525,0.323121,0.031341,0.323121,0.031341,0.305184,0.031277,0.303862,0.030617,0.303862,0.021253,0.303862,0.014664,0.303408,0.014664,0.281827,0.008571,0.281827,0.008369,0.281827,0.003021,0.280821,0.003021,0.278886,0.003021,0.333603,0.333603,0.281827,0.073477,0.303862,0.003021,0.281827,0.073477,0.281827,0.073477
pr11.cycloadditions_tsIVa,20,0.618131,0.618131,0.61577,0.61577,0.558948,0.558948,0.554188,0.554188,0.546102,0.546102,0.543278,0.543278,0.543278,0.543278,0.543278,0.543278,0.543278,0.543278,0.543278,0.543278,0.528992,0.528992,0.524623,0.524623,0.519676,0.519676,0.424449,0.413622,0.424449,0.413622,0.424449,0.413622,0.424449,0.413622,0.424449,0.413622,0.414425,0.0,0.34131,0.0,0.519676,0.519676,0.528992,0.528992,0.618131,0.618131,0.543278,0.543278,0.543278,0.543278
pr11.cycloadditions_tsIVb,20,0.745123,0.745123,0.744664,0.744664,0.743225,0.743225,0.743091,0.743091,0.743091,0.743091,0.743091,0.743091,0.743091,0.743091,0.743091,0.743091,0.728527,0.728527,0.702677,0.702677,0.694318,0.694318,0.6936,0.6936,0.585138,0.585138,0.572703,0.572703,0.572703,0.572703,0.572703,0.572703,0.57218,0.57218,0.406915,0.068554,0.406554,0.0,0.241259,0.0,0.702677,0.702677,0.241259,0.068554,0.57218,0.57218,0.6936,0.6936,0.694318,0.694318
pr11.cycloadditions_tsIa,20,0.488718,0.488718,0.487491,0.487491,0.487416,0.487416,0.487316,0.487316,0.487316,0.487316,0.487217,0.487217,0.487217,0.487217,0.487217,0.487217,0.487217,0.487217,0.487217,0.487217,0.487117,0.487117,0.485443,0.485443,0.483858,0.483858,0.482346,0.482346,0.482346,0.482346,0.482346,0.482346,0.477764,0.477764,0.473243,0.473243,0.470008,0.470008,0.386737,0.386737,0.488718,0.488718,0.483858,0.483858,0.473243,0.473243,0.470008,0.470008,0.482346,0.482346
pr11.cycloadditions_tsIb,20,0.701777,0.701777,0.701772,0.701772,0.688321,0.688321,0.687155,0.687155,0.68587,0.68587,0.685794,0.685794,0.684925,0.684925,0.684145,0.684145,0.683933,0.683933,0.682496,0.682496,0.674805,0.674805,0.667803,0.667803,0.666205,0.666205,0.66443,0.66443,0.656999,0.656999,0.647185,0.647185,0.64715,0.64715,0.646872,0.646872,0.64534,0.64534,0.643911,0.643911,0.674805,0.674805,0.688321,0.688321,0.682496,0.682496,0.643911,0.643911,0.646872,0.646872
pr12.Co_Silylation_JACS2015_TS_B-CStep1,19,0.602462,0.602462,0.598996,0.598996,0.574314,0.574314,0.549446,0.549446,0.548343,0.548343,0.523677,0.523677,0.511035,0.511035,0.485246,0.485246,0.467036,0.467036,0.455225,0.455225,0.446042,0.446042,0.435945,0.435945,0.424511,0.424511,0.420654,0.420654,0.390373,0.390373,0.334805,0.256002,0.307763,0.196452,0.261449,0.180365,0.247694,0.087912,0.0,0.0,0.420654,0.420654,0.485246,0.420082,0.511035,0.220145,0.261449,0.140644,0.549446,0.477697
pr12.Co_Silylation_JACS2015_TS_C-DStep2,20,0.816108,0.816108,0.731106,0.731106,0.491307,0.358097,0.467279,0.3358,0.404541,0.334103,0.39992,0.329111,0.365538,0.316554,0.360093,0.311435,0.358841,0.282585,0.358097,0.26624,0.3358,0.217441,0.334103,0.216982,0.329111,0.216178,0.328063,0.213186,0.311435,0.204933,0.294428,0.202782,0.281938,0.17132,0.278051,0.089387,0.269514,0.083025,0.26624,0.059442,0.334103,0.115776,0.816108,0.816108,0.39992,0.038074,0.328063,0.316554,0.731106,0.731106
pr12.Co_Silylation_JACS2015_TS_Dstar-Estar,20,0.594797,0.594797,0.407297,0.407297,0.389483,0.389483,0.371505,0.371505,0.365129,0.365129,0.347227,0.347227,0.341567,0.341567,0.340125,0.340125,0.33673,0.33673,0.335729,0.335729,0.335729,0.335729,0.333481,0.333481,0.330524,0.330524,0.32543,0.32543,0.325427,0.325427,0.316692,0.316692,0.305856,0.305856,0.292787,0.292787,0.292787,0.292787,0.285633,0.285633,0.340125,0.065174,0.594797,0.594797,0.407297,0.407297,0.365129,0.365129,0.347227,0.347227
pr13.Cyclobutane_JOC2023_TS-CD1-3_step2,20,1.0,1.0,0.473509,0.473509,0.438022,0.438022,0.393832,0.393832,0.361078,0.361078,0.361078,0.361078,0.361078,0.361078,0.359992,0.359992,0.356893,0.356893,0.355584,0.355584,0.354436,0.354436,0.350672,0.350672,0.346066,0.346066,0.345439,0.345439,0.342812,0.340497,0.340497,0.340488,0.340488,0.340488,0.340488,0.325715,0.325715,0.216532,0.3036,0.055071,1.0,1.0,0.393832,0.393832,0.3036,0.055071,0.356893,0.356893,0.473509,0.473509
pr13.Cyclobutane_JOC2023_TS-CD_step1,20,1.0,1.0,0.730454,0.730454,0.728435,0.728435,0.72579,0.72579,0.697602,0.697602,0.694649,0.694649,0.694439,0.694439,0.693411,0.693411,0.693178,0.693178,0.691859,0.691859,0.691859,0.691859,0.689582,0.689582,0.612498,0.612498,0.608129,0.608129,0.580646,0.580646,0.557137,0.557137,0.542681,0.542681,0.490419,0.490419,0.443483,0.443483,0.439794,0.439794,0.490419,0.490419,1.0,1.0,0.689582,0.689582,0.557137,0.557137,0.443483,0.443483
pr13.Cyclobutane_JOC2023_TS-D1G-3_step3G,20,0.996637,0.996637,0.945315,0.945315,0.903878,0.903878,0.899532,0.899532,0.860421,0.860421,0.833149,0.833149,0.831252,0.831252,0.829644,0.829644,0.776921,0.776921,0.758084,0.758084,0.757972,0.757972,0.736496,0.736496,0.723214,0.723214,0.698882,0.698882,0.691617,0.691617,0.671644,0.671644,0.664292,0.664292,0.633364,0.633364,0.600794,0.600794,0.448791,0.076999,0.996637,0.996637,0.448791,0.076999,0.945315,0.945315,0.903878,0.903878,0.723214,0.723214
pr13.Cyclobutane_JOC2023_multiplicity_fixed_TS-CD1-3_step2,20,0.499201,0.499201,0.430648,0.430648,0.387836,0.379796,0.379796,0.379264,0.379264,0.378333,0.378333,0.365857,0.365857,0.365701,0.365701,0.361078,0.361078,0.347627,0.347627,0.345439,0.345439,0.340488,0.340488,0.334584,0.334584,0.331605,0.333683,0.320276,0.331605,0.3197,0.320276,0.313369,0.3197,0.310653,0.313369,0.143663,0.310653,0.043651,0.287742,0.0,0.287742,0.143663,0.387836,0.043651,0.430648,0.430648,0.379796,0.379796,0.378333,0.306725
pr13.Cyclobutane_JOC2023_multiplicity_fixed_TS-D1G-3_step3G,20,1.0,1.0,0.993617,0.993617,0.953931,0.953931,0.932314,0.932314,0.922359,0.922359,0.907838,0.907838,0.903863,0.903863,0.898495,0.898495,0.874062,0.874062,0.870696,0.870696,0.866943,0.866943,0.825046,0.825046,0.79265,0.79265,0.781443,0.781443,0.701738,0.701738,0.697222,0.697222,0.65426,0.65426,0.646567,0.646567,0.626216,0.626216,0.626216,0.626216,0.993617,0.993617,1.0,1.0,0.870696,0.870696,0.932314,0.932314,0.922359,0.922359
pr14.Pd_hydroamination_JOC2025_TS11_step1_reductive_coupling,20,0.93132,0.93132,0.930981,0.930981,0.921193,0.921193,0.915119,0.915119,0.909298,0.909298,0.890077,0.890077,0.887739,0.887739,0.87777,0.87777,0.875688,0.875688,0.870372,0.870372,0.865051,0.865051,0.850847,0.850847,0.845316,0.845316,0.840751,0.840751,0.785994,0.785994,0.735375,0.735375,0.711233,0.711233,0.624703,0.624703,0.509938,0.509938,0.431163,0.431163,0.890077,0.890077,0.921193,0.19335,0.870372,0.870372,0.865051,0.253397,0.875688,0.875688
pr14.Pd_hydroamination_JOC2025_TS12_step2_prot_oxidation,20,0.734411,0.734411,0.676394,0.676394,0.659488,0.659488,0.640711,0.640711,0.62481,0.62481,0.605131,0.605131,0.58693,0.58693,0.56934,0.56934,0.555883,0.555883,0.554438,0.554438,0.539848,0.539848,0.504809,0.45181,0.479364,0.290624,0.475813,0.272977,0.465373,0.264287,0.45181,0.242275,0.393449,0.172134,0.272977,0.06094,0.264287,0.030684,0.242275,0.017718,0.264287,0.264287,0.58693,0.58693,0.242275,0.242275,0.479364,0.0001,0.272977,0.272977
pr14.Pd_hydroamination_JOC2025_TS13_step3_bHelimination,20,0.726373,0.726373,0.717742,0.717742,0.673017,0.673017,0.634449,0.634449,0.621967,0.621967,0.614763,0.614763,0.614618,0.614618,0.610589,0.610589,0.596736,0.596736,0.583765,0.583765,0.578906,0.578906,0.572228,0.572228,0.564741,0.564741,0.399842,0.212426,0.395908,0.19508,0.361427,0.092518,0.348797,0.068714,0.329246,0.063297,0.294419,0.050368,0.231757,0.000601,0.717742,0.717742,0.329246,0.14793,0.621967,0.621967,0.726373,0.726373,0.673017,0.673017
pr14.Pd_hydroamination_JOC2025_TS14_step4_reductive_elimination,20,0.692642,0.692642,0.692485,0.672795,0.67412,0.596411,0.672795,0.534791,0.67234,0.503609,0.660661,0.502602,0.609354,0.495799,0.596411,0.493155,0.560005,0.488441,0.547441,0.485496,0.503609,0.47638,0.502602,0.471854,0.495799,0.459186,0.493155,0.456517,0.488441,0.449641,0.478808,0.44786,0.454406,0.402602,0.44786,0.365053,0.436491,0.362905,0.234933,0.056006,0.478808,0.362905,0.234933,0.056006,0.436491,0.402602,0.660661,0.534791,0.44786,0.44786
pr14.Pd_hydroamination_JOC2025_TS1_step1_OxidativeAdition_bluepath,20,0.941725,0.941725,0.938026,0.938026,0.933523,0.933523,0.926982,0.926982,0.926493,0.926493,0.92351,0.92351,0.923134,0.923134,0.914951,0.914951,0.904753,0.904753,0.894665,0.894665,0.881122,0.881122,0.71571,0.71571,0.709118,0.709118,0.688013,0.528672,0.568638,0.487193,0.555934,0.464059,0.487193,0.448246,0.472719,0.414171,0.464059,0.338297,0.439866,0.279202,0.688013,0.528672,0.904753,0.904753,0.941725,0.941725,0.472719,0.279202,0.555934,0.414171
pr14.Pd_hydroamination_JOC2025_TS2_step1_OxidativeAdition_blackpath,20,0.855581,0.855581,0.818903,0.818903,0.79723,0.79723,0.791729,0.791729,0.759593,0.759593,0.749628,0.749628,0.740455,0.740455,0.739826,0.739826,0.736913,0.736913,0.732182,0.732182,0.72787,0.72787,0.714712,0.714712,0.709118,0.709118,0.701264,0.701264,0.697587,0.697587,0.688644,0.688644,0.650726,0.650726,0.606168,0.606168,0.580875,0.580875,0.517321,0.517321,0.697587,0.697587,0.606168,0.606168,0.688644,0.688644,0.759593,0.759593,0.818903,0.818903
pr14.Pd_hydroamination_JOC2025_TS3_step2_alkene_inserion,20,0.607271,0.607271,0.601201,0.535514,0.539164,0.258863,0.535514,0.256367,0.532995,0.237241,0.522065,0.211154,0.505822,0.207895,0.482514,0.193784,0.476855,0.1617,0.473114,0.153419,0.465401,0.146555,0.450314,0.141971,0.406218,0.140296,0.38079,0.112727,0.367209,0.107754,0.321459,0.107572,0.311646,0.096855,0.305636,0.094463,0.270881,0.0877,0.219298,0.063517,0.305636,0.100743,0.367209,0.063517,0.522065,0.237241,0.607271,0.04497,0.535514,0.039628
pr15.Fe_crosscoupling_ACScat2023_TS-a_step1_halogen_abstraction_mult1,20,0.489253,0.489253,0.397142,0.397142,0.393556,0.393556,0.391646,0.391646,0.384987,0.38103,0.38103,0.375891,0.375891,0.355676,0.369883,0.299557,0.364534,0.279003,0.355919,0.277264,0.355676,0.263838,0.353359,0.260819,0.352956,0.254879,0.351585,0.241859,0.350104,0.231945,0.344501,0.229284,0.343608,0.211429,0.339682,0.187447,0.336031,0.155297,0.335779,0.0,0.339682,0.229284,0.364534,0.260819,0.336031,0.145745,0.350104,0.057317,0.369883,0.028709
pr15.Fe_crosscoupling_ACScat2023_TS-a_step1_halogen_abstraction_mult3,20,0.449539,0.449539,0.411551,0.411551,0.372751,0.372751,0.370945,0.370945,0.36693,0.36693,0.365507,0.365507,0.359762,0.359762,0.351829,0.349863,0.349863,0.346535,0.349363,0.345586,0.346535,0.335799,0.345586,0.331268,0.337826,0.312478,0.335799,0.29532,0.317419,0.29183,0.314515,0.279777,0.312478,0.278478,0.29532,0.278446,0.29183,0.260648,0.278478,0.253549,0.411551,0.055725,0.314515,0.036888,0.351829,0.218071,0.359762,0.178291,0.337826,0.198384
pr15.Fe_crosscoupling_ACScat2023_TS-a_step1_halogen_abstraction_mult5,20,0.600748,0.479478,0.479478,0.384286,0.440295,0.342079,0.410606,0.331346,0.401989,0.323778,0.398105,0.322726,0.372598,0.322696,0.363999,0.321241,0.362875,0.305402,0.361254,0.293916,0.355681,0.260269,0.331252,0.258988,0.323778,0.258816,0.322726,0.248316,0.322696,0.245111,0.322667,0.2316,0.305402,0.207566,0.298392,0.202441,0.298345,0.152193,0.27992,0.147071,0.323778,0.323778,0.362875,0.032963,0.331252,0.006811,0.479478,0.239741,0.322696,0.101947
pr15.Fe_crosscoupling_ACScat2023_TS-b_step2_radical_recombination_mult2,20,0.820331,0.820331,0.781824,0.781824,0.751343,0.751343,0.558957,0.0,0.558957,0.0,0.516282,0.0,0.51011,0.0,0.507072,0.0,0.506237,0.0,0.506237,0.0,0.506237,0.0,0.505698,0.0,0.440536,0.0,0.420456,0.0,0.420256,0.0,0.420256,0.0,0.41691,0.0,0.41544,0.0,0.37551,0.0,0.37551,0.0,0.751343,0.751343,0.820331,0.820331,0.781824,0.781824,0.0,0.0,0.0,0.0
pr15.Fe_crosscoupling_ACScat2023_TS-b_step2_radical_recombination_mult4,20,0.470939,0.470939,0.470939,0.470939,0.451409,0.451409,0.451409,0.451409,0.45078,0.45078,0.45078,0.45078,0.44848,0.44848,0.446498,0.446498,0.431878,0.431878,0.431316,0.431316,0.428468,0.428468,0.417409,0.417409,0.411227,0.0,0.307769,0.0,0.307769,0.0,0.304803,0.0,0.303466,0.0,0.255644,0.0,0.214523,0.0,0.212042,0.0,0.470939,0.470939,0.446498,0.446498,0.470939,0.470939,0.451409,0.451409,0.431316,0.431316
pr15.Fe_crosscoupling_ACScat2023_TS-b_step2_radical_recombination_mult6,20,0.531454,0.190614,0.510664,0.18751,0.46423,0.101769,0.458142,0.052049,0.458142,0.0,0.458142,0.0,0.427213,0.0,0.425809,0.0,0.423962,0.0,0.412165,0.0,0.38011,0.0,0.376143,0.0,0.357753,0.0,0.356983,0.0,0.341091,0.0,0.339748,0.0,0.332118,0.0,0.331999,0.0,0.326958,0.0,0.303929,0.0,0.38011,0.190614,0.332118,0.18751,0.331999,0.052049,0.303929,0.101769,0.0,0.0
pr15.Fe_crosscoupling_ACScat2023_TS-c_step3_reductive_elimination_mult2,20,0.898682,0.898682,0.885159,0.885159,0.884072,0.884072,0.880204,0.880204,0.863985,0.863985,0.8448,0.8448,0.841791,0.841791,0.841488,0.841488,0.833918,0.833918,0.82757,0.82757,0.813137,0.813137,0.809231,0.809231,0.805513,0.805513,0.777584,0.777584,0.769638,0.769638,0.759642,0.759642,0.757618,0.757618,0.745494,0.745494,0.745127,0.745127,0.736358,0.736358,0.809231,0.809231,0.884072,0.884072,0.745127,0.745127,0.769638,0.769638,0.745494,0.745494
pr15.Fe_crosscoupling_ACScat2023_TS-c_step3_reductive_elimination_mult4,20,0.893832,0.893832,0.892789,0.892789,0.892272,0.892272,0.889189,0.889189,0.88825,0.88825,0.886836,0.886836,0.886836,0.886836,0.883013,0.883013,0.864764,0.864764,0.863466,0.863466,0.861329,0.861329,0.861329,0.861329,0.860323,0.860323,0.860323,0.860323,0.860323,0.860323,0.856492,0.856492,0.847167,0.847167,0.846019,0.846019,0.842229,0.842229,0.812366,0.812366,0.892272,0.892272,0.892789,0.892789,0.842229,0.842229,0.889189,0.889189,0.886836,0.886836
pr15.Fe_crosscoupling_ACScat2023_TS-c_step3_reductive_elimination_mult6,20,0.91955,0.91955,0.915772,0.915772,0.91091,0.91091,0.908744,0.908744,0.908284,0.908284,0.883688,0.883688,0.881075,0.881075,0.877947,0.877947,0.865944,0.865944,0.840321,0.840321,0.818898,0.818898,0.769303,0.769303,0.769303,0.769303,0.755515,0.755515,0.73243,0.73243,0.667138,0.667138,0.566905,0.566905,0.523578,0.523578,0.329951,0.329951,0.291523,0.291523,0.91091,0.91091,0.566905,0.566905,0.865944,0.865944,0.881075,0.881075,0.877947,0.877947
pr15.Fe_crosscoupling_ACScat2023_TS2_Step3_bluepath_side_reation_mult2,20,0.906458,0.906458,0.888359,0.888359,0.875301,0.875301,0.777519,0.777519,0.7499,0.7499,0.746851,0.746851,0.746043,0.746043,0.741591,0.741591,0.741018,0.741018,0.733287,0.733287,0.733287,0.733287,0.733287,0.733287,0.733287,0.733287,0.73041,0.73041,0.727385,0.727385,0.697796,0.697796,0.678691,0.678691,0.676184,0.676184,0.624113,0.624113,0.600775,0.600775,0.697796,0.697796,0.888359,0.888359,0.600775,0.600775,0.875301,0.875301,0.676184,0.676184
pr15.Fe_crosscoupling_ACScat2023_TS2_Step3_bluepath_side_reation_mult4,20,0.456042,0.365729,0.450607,0.21567,0.435709,0.202227,0.429013,0.196811,0.413021,0.194464,0.410255,0.194398,0.40998,0.194398,0.408662,0.191327,0.408462,0.189632,0.405757,0.150683,0.405757,0.132755,0.403126,0.132755,0.402948,0.132755,0.402726,0.110768,0.402331,0.110468,0.393883,0.108041,0.365729,0.086714,0.358605,0.08267,0.358605,0.071027,0.358605,0.057367,0.435709,0.057367,0.450607,0.108041,0.429013,0.08267,0.456042,0.110768,0.402331,0.086714
pr15.Fe_crosscoupling_ACScat2023_TS2_Step3_bluepath_side_reation_mult6,20,0.724797,0.724797,0.70138,0.70138,0.679144,0.679144,0.674142,0.674142,0.637949,0.637949,0.631606,0.631606,0.625838,0.625838,0.623751,0.623751,0.607785,0.607785,0.5991,0.5991,0.598832,0.598832,0.59862,0.59862,0.595413,0.595413,0.57949,0.57949,0.577357,0.577357,0.576232,0.576232,0.573698,0.573698,0.565813,0.565813,0.499138,0.499138,0.474168,0.474168,0.623751,0.623751,0.474168,0.474168,0.598832,0.598832,0.499138,0.499138,0.637949,0.637949
pr15.Fe_crosscoupling_ACScat2023_TS2_prime_step2_redPath_mult1,20,0.700125,0.700125,0.680848,0.680848,0.549958,0.549958,0.542749,0.542749,0.520486,0.520486,0.512322,0.512322,0.419868,0.378291,0.407881,0.330461,0.403533,0.304032,0.382427,0.273441,0.361429,0.228939,0.342306,0.191727,0.339222,0.18713,0.339128,0.177557,0.330461,0.17629,0.317103,0.155062,0.31547,0.140094,0.315186,0.133633,0.266713,0.125795,0.253774,0.049583,0.315186,0.304032,0.520486,0.520486,0.542749,0.542749,0.549958,0.549958,0.700125,0.700125
pr15.Fe_crosscoupling_ACScat2023_TS2_prime_step2_redPath_mult3,20,0.521067,0.521067,0.51086,0.418021,0.483606,0.328275,0.442937,0.324321,0.439586,0.313683,0.436076,0.30506,0.426267,0.285178,0.406441,0.261336,0.405664,0.249598,0.404626,0.243712,0.395018,0.225311,0.379662,0.211351,0.357381,0.149191,0.353814,0.145541,0.352054,0.111475,0.351194,0.073354,0.345925,0.063412,0.333204,0.049194,0.328275,0.039614,0.320099,0.032482,0.333204,0.211351,0.521067,0.521067,0.395018,0.243712,0.353814,0.145541,0.483606,0.418021
pr15.Fe_crosscoupling_ACScat2023_TS2_prime_step2_redPath_mult5,20,0.771575,0.771575,0.770081,0.770081,0.671874,0.671874,0.505234,0.505234,0.437573,0.437573,0.425578,0.425578,0.424453,0.424453,0.379261,0.379261,0.374308,0.374308,0.35368,0.35368,0.340848,0.340848,0.33176,0.33176,0.315791,0.315791,0.307441,0.301671,0.294596,0.294596,0.281602,0.281602,0.281108,0.281108,0.257675,0.221215,0.247975,0.217891,0.221215,0.159847,0.307441,0.301671,0.425578,0.425578,0.221215,0.221215,0.281602,0.281602,0.315791,0.315791
pr15.Fe_crosscoupling_ACScat2023_TS7_step1_radical_recombination_mult2,20,0.431822,0.334716,0.366285,0.278334,0.34887,0.278334,0.339564,0.278334,0.334716,0.278334,0.327956,0.278334,0.298171,0.278334,0.298171,0.27721,0.297483,0.257463,0.278334,0.251311,0.278334,0.193984,0.278334,0.07508,0.278334,0.07508,0.278334,0.07491,0.278334,0.073682,0.277472,0.056054,0.27721,0.018462,0.251311,0.015875,0.248564,0.009547,0.20974,0.0,0.248564,0.193984,0.27721,0.27721,0.277472,0.073682,0.334716,0.294633,0.278334,0.278334
pr15.Fe_crosscoupling_ACScat2023_TS7_step1_radical_recombination_mult4,20,0.380474,0.315046,0.365435,0.296479,0.350363,0.285943,0.345552,0.236172,0.3351,0.228823,0.328914,0.220628,0.312782,0.216587,0.306713,0.202948,0.296479,0.201769,0.296383,0.201748,0.295344,0.167661,0.284898,0.154239,0.284723,0.144866,0.278234,0.137712,0.278234,0.001099,0.267423,0.0,0.267323,0.0,0.262261,0.0,0.236172,0.0,0.225636,0.0,0.345552,0.315046,0.225636,0.201769,0.312782,0.070313,0.365435,0.112562,0.350363,0.132758
pr15.Fe_crosscoupling_ACScat2023_TS7_step1_radical_recombination_mult6,20,0.593981,0.181855,0.567158,0.177016,0.559177,0.033977,0.531159,0.033977,0.531159,0.032986,0.519796,0.02697,0.519496,0.024722,0.455643,0.018248,0.44487,0.0,0.439328,0.0,0.388776,0.0,0.381481,0.0,0.376736,0.0,0.364785,0.0,0.36446,0.0,0.364077,0.0,0.355707,0.0,0.320342,0.0,0.294351,0.0,0.281521,0.0,0.439328,0.348763,0.455643,0.401724,0.281521,0.173659,0.44487,0.01971,0.567158,0.073952
pr15.Fe_crosscoupling_ACScat2023_TS8_step2_reductive_elimination_mult2,20,0.471717,0.471717,0.444447,0.444447,0.418894,0.310911,0.411413,0.23916,0.390319,0.230996,0.385183,0.188893,0.38341,0.173638,0.381996,0.15177,0.377345,0.137828,0.368082,0.124301,0.361107,0.109562,0.333652,0.092847,0.330178,0.068527,0.3127,0.065726,0.310911,0.053035,0.306292,0.051546,0.304738,0.035638,0.297702,0.027482,0.294025,0.016898,0.23916,0.016421,0.444447,0.444447,0.471717,0.471717,0.294025,0.230996,0.23916,0.23916,0.310911,0.310911
pr15.Fe_crosscoupling_ACScat2023_TS8_step2_reductive_elimination_mult4,20,0.562582,0.562582,0.494918,0.445913,0.445913,0.410603,0.410603,0.350861,0.410578,0.337086,0.373887,0.253669,0.368458,0.20001,0.357453,0.173254,0.350861,0.139427,0.348083,0.093475,0.344086,0.090581,0.32905,0.08737,0.325138,0.084431,0.316807,0.076442,0.311979,0.075853,0.294567,0.070581,0.27136,0.070118,0.265372,0.039489,0.249775,0.035533,0.240261,0.001995,0.350861,0.350861,0.410603,0.410603,0.348083,0.337086,0.265372,0.050786,0.368458,0.139427
pr15.Fe_crosscoupling_ACScat2023_TS8_step2_reductive_elimination_mult6,20,0.479072,0.44531,0.44531,0.427867,0.427867,0.42618,0.394076,0.356151,0.38589,0.334886,0.378995,0.304712,0.376596,0.253287,0.373556,0.233828,0.364373,0.231579,0.361758,0.217135,0.360605,0.192306,0.360144,0.184654,0.356893,0.179887,0.356151,0.158565,0.336552,0.153563,0.326684,0.150153,0.307331,0.145941,0.265154,0.143687,0.256344,0.13156,0.254909,0.054273,0.265154,0.253287,0.326684,0.217135,0.376596,0.179887,0.38589,0.03035,0.361758,0.233828
pr15.Fe_crosscoupling_ACScat2023_multiplicity_fixed_TS-a_step1_halogen_abstraction_mult1,20,0.430375,0.35796,0.398001,0.353534,0.382552,0.341276,0.376323,0.323378,0.369417,0.322574,0.366379,0.300579,0.35796,0.30002,0.353534,0.278807,0.346226,0.265526,0.341881,0.263297,0.339191,0.262057,0.323378,0.254644,0.322017,0.246168,0.312076,0.214,0.305589,0.212398,0.304316,0.208003,0.265526,0.207363,0.263297,0.179227,0.252564,0.169268,0.249938,0.141616,0.346226,0.254644,0.430375,0.207363,0.366379,0.169268,0.35796,0.35796,0.376323,0.141616
pr15.Fe_crosscoupling_ACScat2023_multiplicity_fixed_TS-a_step1_halogen_abstraction_mult3,20,0.384941,0.376031,0.381905,0.370945,0.376031,0.368963,0.370945,0.36693,0.368963,0.363784,0.36693,0.350632,0.363784,0.345476,0.350632,0.342937,0.345476,0.334399,0.342937,0.332818,0.336261,0.328202,0.332818,0.325681,0.328202,0.304869,0.325681,0.294212,0.308085,0.266382,0.298689,0.25702,0.295025,0.238494,0.294436,0.23676,0.292767,0.196655,0.291257,0.1666,0.345476,0.176553,0.381905,0.1666,0.384941,0.146664,0.376031,0.048661,0.350632,0.056855
pr15.Fe_crosscoupling_ACScat2023_multiplicity_fixed_TS-a_step1_halogen_abstraction_mult5,20,0.50702,0.50702,0.504131,0.504131,0.441947,0.410886,0.439696,0.409234,0.419319,0.332818,0.410886,0.329906,0.375911,0.321731,0.353645,0.303854,0.348038,0.28553,0.342126,0.270109,0.332818,0.244912,0.330787,0.243399,0.329906,0.234084,0.322754,0.225258,0.309036,0.208442,0.308161,0.203072,0.303854,0.189818,0.303669,0.187675,0.28553,0.1445,0.285145,0.125417,0.410886,0.410886,0.50702,0.50702,0.504131,0.504131,0.419319,0.030114,0.342126,0.047111
pr15.Fe_crosscoupling_ACScat2023_multiplicity_fixed_TS-b_step2_radical_recombination_mult2,20,0.781824,0.781824,0.781623,0.781623,0.714811,0.68692,0.68692,0.0,0.560349,0.0,0.558957,0.0,0.556113,0.0,0.511283,0.0,0.506237,0.0,0.506237,0.0,0.506237,0.0,0.505465,0.0,0.420256,0.0,0.420256,0.0,0.420256,0.0,0.414309,0.0,0.411107,0.0,0.299405,0.0,0.299405,0.0,0.299405,0.0,0.68692,0.68692,0.556113,0.363118,0.506237,0.227549,0.781623,0.781623,0.781824,0.781824
pr15.Fe_crosscoupling_ACScat2023_multiplicity_fixed_TS-b_step2_radical_recombination_mult4,20,0.55714,0.468958,0.468958,0.450559,0.450559,0.449885,0.449885,0.445184,0.445184,0.444313,0.444313,0.428468,0.428468,0.428468,0.428468,0.428468,0.428468,0.428468,0.428468,0.427472,0.427472,0.427472,0.427472,0.414126,0.414126,0.393752,0.401666,0.391464,0.39425,0.385415,0.393752,0.377188,0.391464,0.37705,0.385415,0.292772,0.377188,0.0,0.37705,0.0,0.468958,0.468958,0.385415,0.385415,0.55714,0.186734,0.444313,0.444313,0.445184,0.445184
pr15.Fe_crosscoupling_ACScat2023_multiplicity_fixed_TS-b_step2_radical_recombination_mult6,20,0.523168,0.33666,0.458142,0.153685,0.457012,0.128456,0.449788,0.090536,0.436437,0.043076,0.405848,0.0,0.404208,0.0,0.402911,0.0,0.40236,0.0,0.396477,0.0,0.376143,0.0,0.361731,0.0,0.341521,0.0,0.341443,0.0,0.337023,0.0,0.33666,0.0,0.335812,0.0,0.333667,0.0,0.330759,0.0,0.319032,0.0,0.458142,0.121342,0.404208,0.375194,0.40236,0.359766,0.33666,0.33666,0.405848,0.153685
pr15.Fe_crosscoupling_ACScat2023_multiplicity_fixed_TS2_prime_step2_redPath_mult1,20,0.538503,0.538503,0.507045,0.507045,0.455234,0.455234,0.448975,0.439756,0.439756,0.431672,0.431672,0.347358,0.426267,0.333086,0.40221,0.26888,0.401502,0.229636,0.39151,0.22907,0.391131,0.19585,0.36663,0.192481,0.363913,0.185246,0.347358,0.175332,0.333086,0.127707,0.327564,0.120145,0.32595,0.093675,0.315313,0.023433,0.268641,0.017578,0.257846,0.0,0.431672,0.431672,0.439756,0.439756,0.315313,0.120145,0.455234,0.455234,0.507045,0.507045
pr15.Fe_crosscoupling_ACScat2023_multiplicity_fixed_TS2_prime_step2_redPath_mult3,20,0.630341,0.630341,0.590777,0.590777,0.500291,0.500291,0.490847,0.490847,0.469941,0.441661,0.441661,0.441329,0.441329,0.423377,0.440139,0.377337,0.423377,0.332839,0.422301,0.300857,0.414555,0.243462,0.412591,0.227621,0.404919,0.202324,0.393279,0.153097,0.377337,0.133241,0.358299,0.114005,0.353413,0.110803,0.351018,0.109849,0.325498,0.066475,0.243462,0.049041,0.590777,0.590777,0.500291,0.500291,0.630341,0.630341,0.441661,0.441661,0.469941,0.066475
pr15.Fe_crosscoupling_ACScat2023_multiplicity_fixed_TS2_prime_step2_redPath_mult5,20,0.569657,0.569657,0.39443,0.39443,0.382529,0.382529,0.371468,0.339581,0.339581,0.335238,0.335238,0.334838,0.334838,0.329955,0.329955,0.328346,0.328346,0.32762,0.32762,0.326086,0.326086,0.287647,0.322016,0.276067,0.318879,0.26326,0.307638,0.205813,0.302715,0.198389,0.287647,0.182993,0.286633,0.180055,0.284384,0.146339,0.265851,0.050234,0.258593,0.036201,0.382529,0.382529,0.39443,0.39443,0.339581,0.339581,0.318879,0.146339,0.328346,0.328346
pr15.Fe_crosscoupling_ACScat2023_multiplicity_fixed_TS7_step1_radical_recombination_mult2,20,0.471695,0.289078,0.367841,0.278334,0.334416,0.278334,0.323273,0.278334,0.322594,0.278334,0.322569,0.278334,0.322569,0.27721,0.321674,0.193984,0.32156,0.07508,0.313129,0.07508,0.296132,0.07508,0.278334,0.074891,0.278334,0.073682,0.278334,0.022192,0.278334,0.004008,0.278334,0.0,0.27721,0.0,0.270686,0.0,0.265248,0.0,0.265248,0.0,0.313129,0.313129,0.334416,0.256736,0.265248,0.233642,0.27721,0.27721,0.278334,0.278334
pr15.Fe_crosscoupling_ACScat2023_multiplicity_fixed_TS7_step1_radical_recombination_mult4,20,0.419523,0.34634,0.377613,0.34634,0.363342,0.34634,0.36096,0.280725,0.36096,0.261664,0.36096,0.250837,0.335282,0.235119,0.333301,0.233935,0.333301,0.232531,0.331535,0.229428,0.324914,0.224047,0.323938,0.192165,0.313466,0.185295,0.311416,0.147434,0.308308,0.062641,0.305578,0.055241,0.302156,0.0,0.297628,0.0,0.289806,0.0,0.264632,0.0,0.377613,0.089455,0.419523,0.095396,0.363342,0.261664,0.36096,0.34634,0.36096,0.34634
pr15.Fe_crosscoupling_ACScat2023_multiplicity_fixed_TS7_step1_radical_recombination_mult6,20,0.640608,0.286302,0.593981,0.154962,0.593981,0.105585,0.592058,0.095672,0.524776,0.03389,0.524424,0.028155,0.516949,0.027587,0.516949,0.027587,0.501879,0.025488,0.475654,0.021224,0.432885,0.0,0.396735,0.0,0.385067,0.0,0.376652,0.0,0.370312,0.0,0.367814,0.0,0.318043,0.0,0.314282,0.0,0.311877,0.0,0.284909,0.0,0.376652,0.105585,0.432885,0.154962,0.475654,0.286302,0.385067,0.021224,0.501879,0.095672
pr16.carbocation_ts11,20,0.618876,0.618876,0.617163,0.617163,0.61444,0.61444,0.611067,0.611067,0.608539,0.608539,0.608539,0.608539,0.606437,0.606437,0.606216,0.606216,0.606167,0.606167,0.605936,0.605936,0.605392,0.605392,0.604617,0.604617,0.597022,0.597022,0.593239,0.593239,0.593239,0.593239,0.593239,0.593239,0.585429,0.585429,0.584818,0.584818,0.575838,0.575838,0.573935,0.573935,0.597022,0.597022,0.575838,0.575838,0.617163,0.617163,0.573935,0.573935,0.585429,0.585429
pr16.carbocation_ts12,20,0.690674,0.632472,0.664401,0.156198,0.657585,0.147235,0.650357,0.139605,0.645103,0.136032,0.640682,0.1357,0.632472,0.135653,0.625508,0.135341,0.619921,0.135188,0.593912,0.134835,0.589047,0.13458,0.570804,0.13302,0.380515,0.130394,0.334979,0.129505,0.329829,0.128921,0.328751,0.125777,0.322897,0.120206,0.321138,0.119747,0.285476,0.11943,0.270251,0.118623,0.625508,0.139605,0.270251,0.129505,0.570804,0.156198,0.322897,0.130394,0.285476,0.135188
pr16.carbocation_ts2,20,1.0,0.0,0.852226,0.0,0.849325,0.0,0.849325,0.0,0.849325,0.0,0.849325,0.0,0.849325,0.0,0.849325,0.0,0.849325,0.0,0.849325,0.0,0.849325,0.0,0.849325,0.0,0.840525,0.0,0.840525,0.0,0.497655,0.0,0.493993,0.0,0.493993,0.0,0.493993,0.0,0.493993,0.0,0.493993,0.0,0.493993,0.493993,0.849325,0.849325,0.493993,0.493993,0.0,0.0,0.0,0.0
pr16.carbocation_ts3,20,0.998208,0.998208,0.998208,0.998208,0.997513,0.997513,0.997513,0.997513,0.997218,0.997218,0.995764,0.995764,0.995764,0.995764,0.995764,0.995764,0.995764,0.995764,0.995671,0.995671,0.995671,0.995671,0.995671,0.995671,0.995671,0.995671,0.988501,0.988501,0.985207,0.985207,0.985207,0.985207,0.985207,0.985207,0.985207,0.985207,0.975088,0.975088,0.975088,0.975088,0.998208,0.998208,0.998208,0.998208,0.997513,0.997513,0.997513,0.997513,0.997218,0.997218
pr16.carbocation_ts4,20,0.747962,0.747962,0.747962,0.747962,0.747962,0.747962,0.747962,0.747962,0.747962,0.747962,0.747962,0.747962,0.747962,0.747962,0.747962,0.747962,0.747962,0.747962,0.747962,0.747962,0.696002,0.696002,0.656556,0.656556,0.640427,0.640427,0.640427,0.640427,0.548869,0.267304,0.548869,0.0,0.548869,0.0,0.548869,0.0,0.548869,0.0,0.408725,0.0,0.747962,0.747962,0.408725,0.267304,0.747962,0.747962,0.696002,0.696002,0.747962,0.747962
pr16.carbocation_ts5,20,0.519779,0.519779,0.519181,0.330455,0.511506,0.330455,0.489719,0.323728,0.488938,0.31951,0.404918,0.31951,0.394624,0.31951,0.394624,0.318511,0.384531,0.310639,0.383564,0.306289,0.377582,0.301612,0.370497,0.269117,0.367475,0.236025,0.367475,0.227541,0.367475,0.178518,0.366725,0.177137,0.35833,0.112458,0.348025,0.104736,0.33711,0.09165,0.315219,0.032867,0.315219,0.227541,0.383564,0.104736,0.370497,0.112458,0.488938,0.09165,0.33711,0.301612
pr16.carbocation_ts7,20,0.671642,0.374171,0.66905,0.359136,0.632663,0.359136,0.62331,0.358144,0.589961,0.343068,0.586476,0.342255,0.555936,0.342255,0.555936,0.342255,0.555936,0.342255,0.555936,0.324271,0.542192,0.324271,0.511967,0.26055,0.509374,0.175546,0.476294,0.079582,0.461714,0.035006,0.441872,0.032056,0.431967,0.030687,0.431967,0.022742,0.406004,0.013991,0.406004,0.000299,0.511967,0.26055,0.555936,0.342255,0.555936,0.342255,0.555936,0.342255,0.555936,0.342255
pr16.carbocation_ts8,20,0.825112,0.825112,0.813153,0.813153,0.805348,0.805348,0.742265,0.742265,0.739944,0.739944,0.73154,0.73154,0.721232,0.721232,0.715214,0.715214,0.715214,0.715214,0.715214,0.715214,0.714883,0.714883,0.713717,0.713717,0.713717,0.713717,0.710648,0.710648,0.705063,0.705063,0.702889,0.702889,0.702883,0.702883,0.661316,0.661316,0.377695,0.03235,0.339365,0.00329,0.661316,0.661316,0.705063,0.705063,0.721232,0.721232,0.715214,0.715214,0.710648,0.710648
pr16.carbocation_ts9,20,0.982536,0.982536,0.979881,0.979881,0.979881,0.979881,0.979607,0.979607,0.979452,0.979452,0.979305,0.979305,0.978902,0.978902,0.978902,0.978902,0.97859,0.97859,0.977937,0.977937,0.977937,0.977937,0.977937,0.977937,0.977937,0.977937,0.977937,0.977937,0.977937,0.977937,0.977393,0.977393,0.977393,0.977393,0.977393,0.977393,0.963741,0.963741,0.949001,0.949001,0.963741,0.024541,0.979607,0.979607,0.977393,0.977393,0.977393,0.977393,0.977393,0.977393
pr17.carbene.ins_ts6a,20,0.561049,0.561049,0.553335,0.553335,0.370529,0.315314,0.365805,0.264504,0.327101,0.20981,0.318195,0.182261,0.318001,0.165847,0.315314,0.16498,0.309525,0.15648,0.299462,0.149297,0.264683,0.135466,0.252342,0.11074,0.249564,0.079517,0.245829,0.0741,0.237853,0.066351,0.236121,0.045061,0.235101,0.038153,0.229752,0.023832,0.229365,0.010365,0.22452,0.0,0.318001,0.135466,0.365805,0.079517,0.318195,0.16498,0.229752,0.149297,0.370529,0.023832
pr17.carbene.ins_ts8,20,0.979671,0.979671,0.979421,0.979421,0.975925,0.975925,0.974036,0.974036,0.973305,0.973305,0.968695,0.968695,0.963677,0.963677,0.961727,0.961727,0.960572,0.960572,0.951891,0.951891,0.947434,0.947434,0.94709,0.94709,0.944379,0.944379,0.94261,0.94261,0.940862,0.940862,0.928132,0.928132,0.926252,0.926252,0.920716,0.920716,0.862572,0.862572,0.859188,0.859188,0.928132,0.928132,0.94261,0.94261,0.926252,0.926252,0.940862,0.940862,0.979671,0.979671
pr18.Au.alkyl_tsBC,20,0.75909,0.75909,0.648515,0.648515,0.596586,0.596586,0.557168,0.557168,0.542982,0.542982,0.540624,0.540624,0.52585,0.52585,0.447203,0.447203,0.444379,0.444379,0.444028,0.444028,0.440865,0.440865,0.426879,0.426879,0.424625,0.424625,0.418386,0.418386,0.41149,0.41149,0.401677,0.401677,0.399323,0.399323,0.371881,0.371549,0.371835,0.370104,0.370104,0.031734,0.370104,0.370104,0.371881,0.371549,0.399323,0.399323,0.418386,0.418386,0.444379,0.444379
pr19.heck_ts1,20,0.847083,0.847083,0.844462,0.844462,0.838405,0.838405,0.827766,0.827766,0.818148,0.818148,0.816817,0.816817,0.808243,0.808243,0.795936,0.795936,0.792996,0.792996,0.754239,0.754239,0.751507,0.751507,0.746801,0.746801,0.746471,0.746471,0.728989,0.728989,0.614363,0.614363,0.589445,0.589445,0.539316,0.539316,0.51599,0.51599,0.449101,0.449101,0.440591,0.440591,0.838405,0.838405,0.539316,0.539316,0.746801,0.746801,0.795936,0.795936,0.844462,0.844462
pr19.heck_ts9,20,0.487086,0.477286,0.477286,0.474555,0.474555,0.464466,0.464466,0.454016,0.454016,0.436865,0.436865,0.420659,0.420659,0.396647,0.408223,0.395224,0.396647,0.394194,0.395224,0.392777,0.395056,0.390604,0.394194,0.389025,0.392777,0.387155,0.390604,0.386558,0.389025,0.378648,0.387155,0.370643,0.386558,0.351261,0.370643,0.347753,0.360238,0.320971,0.320971,0.296479,0.387155,0.387155,0.360238,0.351261,0.420659,0.420659,0.386558,0.386558,0.320971,0.320971
pr2.mbh_ts1,20,0.557092,0.011398,0.556259,0.008467,0.554926,0.007844,0.553906,0.006822,0.553906,0.006325,0.553906,0.006325,0.553906,0.006325,0.553906,0.006325,0.552424,0.002497,0.552311,0.0,0.550289,0.0,0.549606,0.0,0.548617,0.0,0.544074,0.0,0.543499,0.0,0.541331,0.0,0.540511,0.0,0.539797,0.0,0.536317,0.0,0.515698,0.0,0.554926,0.351568,0.541331,0.362104,0.543499,0.345126,0.553906,0.006325,0.553906,0.006325
pr2.mbh_ts2,20,0.64685,0.058728,0.612584,0.039972,0.604134,0.036534,0.603363,0.034007,0.534219,0.031578,0.530092,0.027079,0.524947,0.023167,0.524704,0.015283,0.522375,0.006454,0.512317,0.0,0.497121,0.0,0.487252,0.0,0.486453,0.0,0.47222,0.0,0.471211,0.0,0.463688,0.0,0.424488,0.0,0.421382,0.0,0.416383,0.0,0.403909,0.0,0.512317,0.093932,0.463688,0.090034,0.403909,0.048866,0.603363,0.058728,0.534219,0.039972
pr2.mbh_ts8,20,0.542995,0.012654,0.541033,0.010348,0.535468,0.010246,0.533586,0.0,0.531981,0.0,0.530629,0.0,0.523761,0.0,0.522349,0.0,0.518634,0.0,0.515389,0.0,0.513028,0.0,0.507431,0.0,0.500568,0.0,0.499473,0.0,0.480057,0.0,0.479395,0.0,0.453326,0.0,0.425058,0.0,0.422462,0.0,0.406279,0.0,0.531981,0.531981,0.499473,0.499473,0.530629,0.530629,0.523761,0.010246,0.542995,0.012654
pr3.Suzuki.Ni_ts11.TM,20,0.589278,0.589278,0.566869,0.566869,0.555717,0.555717,0.481883,0.481883,0.479362,0.479362,0.416854,0.416854,0.392046,0.35872,0.380439,0.329519,0.369946,0.292479,0.35872,0.245701,0.340522,0.187986,0.329519,0.182843,0.312097,0.168254,0.292479,0.161502,0.274379,0.127325,0.27075,0.120311,0.253758,0.105289,0.25209,0.081119,0.234699,0.078075,0.230786,0.061875,0.27075,0.078075,0.230786,0.182843,0.312097,0.245701,0.253758,0.000398,0.25209,0.187986
pr3.Suzuki.Ni_ts14.RE,20,0.413897,0.375448,0.413,0.361415,0.408613,0.334994,0.390559,0.309478,0.382319,0.283962,0.378077,0.265085,0.375448,0.235815,0.367552,0.235271,0.361415,0.232915,0.361018,0.137286,0.350107,0.136029,0.334415,0.087009,0.327993,0.080648,0.32574,0.071269,0.319514,0.065695,0.311739,0.064789,0.284491,0.052361,0.265085,0.04163,0.256997,0.036447,0.239658,0.036093,0.334415,0.137286,0.350107,0.087009,0.311739,0.022021,0.265085,0.265085,0.284491,0.007971
pr3.Suzuki.Ni_ts7.OA,20,0.889264,0.889264,0.70847,0.70847,0.700919,0.700919,0.697372,0.697372,0.692607,0.692607,0.692036,0.692036,0.681119,0.681119,0.67042,0.67042,0.645076,0.645076,0.633675,0.633675,0.614196,0.614196,0.600274,0.600274,0.587651,0.587651,0.552623,0.552623,0.536157,0.536157,0.524016,0.524016,0.488986,0.488986,0.283528,0.283528,0.265955,0.265955,0.265768,0.265768,0.645076,0.263226,0.600274,0.199051,0.488986,0.367612,0.692036,0.234536,0.889264,0.013395
pr4.Suzuki-Brcleavage_ts1.Br-cleavage-A,20,0.500998,0.31793,0.495457,0.316373,0.4917,0.307969,0.490953,0.302862,0.484204,0.301327,0.483925,0.242966,0.483558,0.239689,0.47425,0.239274,0.469431,0.239156,0.467543,0.238195,0.466954,0.236971,0.445969,0.234331,0.436326,0.204186,0.427626,0.191919,0.427507,0.188408,0.42183,0.171043,0.411216,0.148379,0.409443,0.0766,0.408904,0.072403,0.383412,0.060433,0.490953,0.316373,0.483558,0.234331,0.409443,0.242966,0.466954,0.188408,0.469431,0.0766
pr4.Suzuki-Brcleavage_ts1.Br-cleavage-B,20,0.968701,0.968701,0.968514,0.968514,0.964565,0.964565,0.961714,0.961714,0.959444,0.959444,0.957578,0.957578,0.95698,0.95698,0.9568,0.9568,0.956557,0.956557,0.956366,0.956366,0.953942,0.953942,0.952865,0.952865,0.952865,0.952865,0.952865,0.952865,0.951844,0.951844,0.950931,0.950931,0.950639,0.950639,0.950084,0.950084,0.947306,0.947306,0.946963,0.946963,0.952865,0.952865,0.968701,0.968701,0.957578,0.957578,0.956557,0.956557,0.961714,0.961714
pr4.Suzuki-Brcleavage_ts1.Br-cleavage-C,20,0.933566,0.933566,0.922508,0.922508,0.89022,0.89022,0.889233,0.889233,0.867061,0.867061,0.835371,0.835371,0.82915,0.82915,0.799695,0.799695,0.797981,0.797981,0.796899,0.796899,0.772941,0.772941,0.683285,0.683285,0.557106,0.439882,0.510609,0.346323,0.507085,0.326301,0.439882,0.320986,0.417818,0.246341,0.413113,0.236809,0.353137,0.214961,0.320986,0.124432,0.933566,0.933566,0.922508,0.922508,0.867061,0.867061,0.413113,0.106363,0.835371,0.835371
pr4.Suzuki-Brcleavage_ts1.Br-cleavage-D,20,0.554656,0.520013,0.539812,0.439288,0.534781,0.435772,0.534781,0.397036,0.534781,0.391033,0.520013,0.382728,0.512927,0.382728,0.5091,0.382728,0.508281,0.370047,0.501488,0.359371,0.499168,0.357648,0.488878,0.342753,0.487508,0.328858,0.48073,0.316474,0.479806,0.295397,0.469607,0.292889,0.46733,0.26813,0.465955,0.222284,0.464305,0.201793,0.39154,0.014054,0.512927,0.014054,0.520013,0.520013,0.539812,0.359371,0.5091,0.370047,0.534781,0.382728
pr4.Suzuki-Brcleavage_ts2.Br-cleavage-A,20,0.622358,0.622358,0.614199,0.614199,0.598447,0.598447,0.586847,0.586847,0.583163,0.583163,0.560922,0.560922,0.541028,0.534168,0.534168,0.520679,0.520679,0.499505,0.499505,0.495838,0.495838,0.492214,0.492214,0.492158,0.492158,0.480513,0.480513,0.453668,0.453668,0.446369,0.446369,0.399483,0.436165,0.392649,0.404859,0.371294,0.399483,0.342032,0.372808,0.064753,0.598447,0.598447,0.614199,0.614199,0.560922,0.560922,0.622358,0.622358,0.499505,0.499505
pr4.Suzuki-Brcleavage_ts2.Br-cleavage-B,20,0.937688,0.937688,0.929988,0.929988,0.926636,0.926636,0.924369,0.924369,0.923396,0.923396,0.920373,0.920373,0.91869,0.91869,0.918067,0.918067,0.910445,0.910445,0.907959,0.907959,0.889848,0.889848,0.884196,0.884196,0.880819,0.880819,0.858864,0.858864,0.85042,0.85042,0.844322,0.844322,0.839453,0.839453,0.814269,0.814269,0.810542,0.810542,0.758975,0.758975,0.918067,0.918067,0.839453,0.839453,0.929988,0.929988,0.937688,0.937688,0.923396,0.923396
pr4.Suzuki-Brcleavage_ts2.Br-cleavage-C,20,0.772858,0.772858,0.679587,0.679587,0.576856,0.453451,0.554764,0.365487,0.553448,0.311301,0.550378,0.264499,0.548519,0.208258,0.543791,0.203675,0.542293,0.203043,0.541866,0.201564,0.540989,0.189922,0.522896,0.189915,0.503163,0.175135,0.49068,0.173312,0.489836,0.157035,0.453451,0.15582,0.437407,0.155486,0.433075,0.152644,0.392256,0.1177,0.383183,0.11449,0.49068,0.144909,0.433075,0.012094,0.772858,0.772858,0.554764,0.101763,0.553448,0.077977
pr4.Suzuki-Brcleavage_ts2.Br-cleavage-D,20,0.669998,0.669998,0.656119,0.656119,0.636446,0.636446,0.618119,0.618119,0.61399,0.61399,0.612782,0.612782,0.612592,0.612592,0.610663,0.610663,0.603181,0.603181,0.601195,0.601195,0.592899,0.592899,0.591685,0.591685,0.587086,0.587086,0.584806,0.584806,0.583865,0.583865,0.583714,0.583714,0.579204,0.579204,0.550531,0.550531,0.45894,0.45894,0.426704,0.426704,0.583714,0.583714,0.669998,0.669998,0.426704,0.426704,0.579204,0.579204,0.601195,0.601195
pr5.Noyori_ts26,20,0.716235,0.372395,0.69959,0.324614,0.669798,0.291986,0.665633,0.23765,0.663369,0.229634,0.644246,0.209984,0.628436,0.126734,0.611964,0.113382,0.605008,0.109853,0.578613,0.09984,0.556189,0.099621,0.55098,0.098049,0.53416,0.097005,0.524186,0.078903,0.49451,0.071711,0.47942,0.060521,0.474411,0.05857,0.39618,0.058372,0.372395,0.055754,0.371129,0.055564,0.49451,0.109853,0.663369,0.097005,0.578613,0.099621,0.605008,0.09984,0.55098,0.055564
pr5.Noyori_ts45,20,0.984949,0.984949,0.984224,0.984224,0.984121,0.984121,0.983115,0.983115,0.978792,0.978792,0.976893,0.976893,0.975298,0.975298,0.972721,0.972721,0.954178,0.954178,0.799241,0.02132,0.79575,0.020776,0.793718,0.020618,0.793589,0.020201,0.790666,0.020187,0.790625,0.018063,0.789744,0.016172,0.789072,0.016031,0.781331,0.014721,0.779898,0.013817,0.725408,0.010411,0.954178,0.954178,0.978792,0.978792,0.983115,0.983115,0.976893,0.976893,0.984949,0.984949
pr5.Noyori_ts56,20,0.974214,0.974214,0.965158,0.965158,0.951167,0.951167,0.946641,0.946641,0.935521,0.935521,0.92504,0.92504,0.91691,0.91691,0.915538,0.915538,0.913856,0.913856,0.90542,0.90542,0.901998,0.901998,0.892486,0.892486,0.860811,0.860811,0.819844,0.56851,0.777463,0.388268,0.590393,0.340343,0.521927,0.287578,0.490134,0.278926,0.443958,0.223826,0.412491,0.215761,0.860811,0.860811,0.892486,0.892486,0.90542,0.90542,0.913856,0.913856,0.901998,0.901998
pr5.Noyori_ts5H2,20,0.995809,0.995809,0.991571,0.991571,0.991214,0.991214,0.991108,0.991108,0.990472,0.990472,0.989016,0.989016,0.987672,0.987672,0.985942,0.985942,0.980457,0.980457,0.976778,0.976778,0.975643,0.975643,0.955566,0.955566,0.953095,0.953095,0.948174,0.948174,0.942313,0.942313,0.941681,0.941681,0.904836,0.904836,0.836196,0.836196,0.771216,0.771216,0.762515,0.762515,0.836196,0.836196,0.948174,0.948174,0.991571,0.991571,0.942313,0.942313,0.976778,0.976778
pr5.Noyori_ts65,20,0.791014,0.574989,0.721822,0.539116,0.691122,0.534729,0.683365,0.50349,0.644426,0.49575,0.628618,0.421523,0.616697,0.412285,0.587928,0.392394,0.574989,0.36739,0.55911,0.342066,0.539116,0.334741,0.534729,0.312758,0.514981,0.305566,0.513463,0.118285,0.49575,0.035648,0.471606,0.033641,0.466844,0.032318,0.421523,0.026489,0.407678,0.02311,0.36739,0.020092,0.534729,0.339888,0.49575,0.49575,0.514981,0.334741,0.407678,0.342066,0.587928,0.305566
pr6.AlNHCs_tsI,20,0.477609,0.465672,0.465672,0.455929,0.461849,0.352161,0.455929,0.32192,0.44001,0.316438,0.435192,0.314374,0.418243,0.305497,0.399204,0.245459,0.397541,0.23927,0.394938,0.236051,0.388618,0.235819,0.376675,0.203153,0.376264,0.195249,0.348166,0.142128,0.34175,0.090038,0.34085,0.055181,0.336769,0.051164,0.316438,0.008531,0.314374,0.0,0.305497,0.0,0.455929,0.123365,0.44001,0.243543,0.477609,0.100818,0.376264,0.32192,0.388618,0.055181
pr6.AlNHCs_tsII,20,0.67739,0.045164,0.663044,0.037715,0.647266,0.037476,0.640724,0.037326,0.639367,0.033496,0.632254,0.032601,0.600796,0.032406,0.594082,0.029656,0.430106,0.026045,0.42574,0.017101,0.42274,0.003504,0.419551,0.0,0.419206,0.0,0.418179,0.0,0.416331,0.0,0.414991,0.0,0.410116,0.0,0.406533,0.0,0.403235,0.0,0.400938,0.0,0.594082,0.031112,0.600796,0.000795,0.419206,0.340902,0.430106,0.015115,0.410116,0.017101
pr7.V.dodh_ts1011-triplet,20,0.828168,0.828168,0.597946,0.559623,0.560081,0.551769,0.559623,0.531249,0.551769,0.494896,0.531249,0.480029,0.506386,0.461315,0.491787,0.461145,0.480029,0.446837,0.46247,0.418081,0.461145,0.416753,0.446837,0.374187,0.418081,0.339183,0.41554,0.317768,0.406686,0.289368,0.380675,0.258238,0.377633,0.243719,0.372114,0.2386,0.365891,0.202979,0.339183,0.194868,0.406686,0.243719,0.559623,0.559623,0.597946,0.416753,0.365891,0.173287,0.46247,0.289368
pr7.V.dodh_ts1015,20,0.820632,0.820632,0.804513,0.804513,0.801978,0.801978,0.790511,0.790511,0.769826,0.769826,0.749351,0.749351,0.716446,0.716446,0.707689,0.707689,0.6833,0.6833,0.673906,0.673906,0.657618,0.657618,0.615888,0.615888,0.594519,0.594519,0.538445,0.535066,0.516721,0.516721,0.515767,0.41157,0.40226,0.40226,0.372725,0.320593,0.348766,0.274654,0.320593,0.253192,0.516721,0.516721,0.804513,0.804513,0.820632,0.820632,0.790511,0.790511,0.801978,0.801978
pr7.V.dodh_ts1112-triplet,20,0.742001,0.742001,0.727278,0.727278,0.722192,0.722192,0.714266,0.714266,0.702764,0.692229,0.695449,0.60562,0.692229,0.574054,0.60562,0.565979,0.574054,0.447894,0.565979,0.388944,0.388944,0.311666,0.322221,0.260627,0.321577,0.202257,0.320409,0.192237,0.315571,0.19051,0.311666,0.181284,0.262315,0.172209,0.251907,0.168485,0.202257,0.153709,0.192237,0.13304,0.311666,0.021373,0.388944,0.082413,0.702764,0.10437,0.692229,0.005285,0.565979,0.006882
pr7.V.dodh_ts13,20,0.875082,0.875082,0.847921,0.847921,0.817228,0.817228,0.795623,0.795623,0.711687,0.711687,0.705855,0.705855,0.697009,0.697009,0.692457,0.692457,0.685486,0.685486,0.685182,0.685182,0.68089,0.68089,0.600439,0.600439,0.581602,0.581602,0.577554,0.577554,0.567416,0.567416,0.556257,0.556257,0.52809,0.515291,0.515291,0.488062,0.488062,0.453485,0.390725,0.256518,0.705855,0.705855,0.685182,0.685182,0.711687,0.711687,0.875082,0.875082,0.567416,0.567416
pr7.V.dodh_ts1314,20,0.876686,0.876686,0.643533,0.639872,0.639872,0.63546,0.63546,0.634956,0.634956,0.628375,0.628375,0.627656,0.627656,0.625334,0.625334,0.613458,0.621566,0.607586,0.613458,0.606085,0.607607,0.596919,0.607586,0.595722,0.606085,0.595561,0.596919,0.539313,0.595722,0.442633,0.595561,0.391682,0.595254,0.126693,0.539313,0.126597,0.442633,0.097181,0.430353,0.088618,0.628375,0.628375,0.63546,0.63546,0.627656,0.627656,0.639872,0.639872,0.625334,0.625334
pr7.V.dodh_ts14,20,0.703249,0.703249,0.696587,0.673239,0.673239,0.672289,0.672289,0.661178,0.661178,0.638419,0.656825,0.619827,0.638419,0.603729,0.635186,0.56794,0.619827,0.530339,0.619096,0.475563,0.603729,0.392272,0.592984,0.223217,0.591387,0.192097,0.579915,0.185785,0.56794,0.156419,0.554478,0.132752,0.543174,0.092249,0.530339,0.029968,0.495895,0.012602,0.475563,0.008651,0.543174,0.392272,0.696587,0.012602,0.703249,0.703249,0.554478,0.092249,0.635186,0.185785
pr7.V.dodh_ts141,20,0.669606,0.585269,0.648299,0.497307,0.594716,0.336121,0.58663,0.317843,0.585269,0.311746,0.517662,0.291484,0.511866,0.289982,0.497307,0.270784,0.472117,0.245483,0.471888,0.227404,0.434869,0.215129,0.422773,0.172453,0.421177,0.162308,0.416646,0.14199,0.416646,0.110918,0.409459,0.069437,0.405955,0.0,0.400383,0.0,0.399185,0.0,0.366267,0.0,0.511866,0.057789,0.409459,0.050157,0.400383,0.133599,0.434869,0.073749,0.405955,0.162308
pr7.V.dodh_ts156,20,0.763848,0.763848,0.760196,0.760196,0.757575,0.757575,0.724955,0.724955,0.721183,0.721183,0.704788,0.704788,0.696844,0.696844,0.673332,0.673332,0.659476,0.659476,0.551847,0.551847,0.495124,0.415396,0.487135,0.392613,0.417967,0.383474,0.415396,0.340121,0.392613,0.290119,0.383474,0.274157,0.370058,0.245711,0.340121,0.237188,0.318408,0.077884,0.290119,0.061507,0.417967,0.077884,0.757575,0.757575,0.487135,0.061507,0.763848,0.763848,0.760196,0.760196
pr7.V.dodh_ts19,20,0.54927,0.54927,0.526301,0.526301,0.439168,0.439168,0.413549,0.411791,0.409525,0.409525,0.402636,0.397616,0.398439,0.396604,0.397616,0.391541,0.396604,0.387651,0.391541,0.373677,0.387651,0.318273,0.38066,0.247931,0.373677,0.243366,0.372464,0.187972,0.363364,0.167736,0.363237,0.166293,0.359855,0.149495,0.35755,0.04227,0.344619,0.038602,0.339766,0.029839,0.439168,0.439168,0.409525,0.409525,0.54927,0.54927,0.397616,0.397616,0.526301,0.526301
pr7.V.dodh_ts25-singlet,20,0.657104,0.657104,0.643537,0.643537,0.618193,0.58068,0.58068,0.526441,0.554937,0.477477,0.546021,0.436029,0.526441,0.356791,0.499654,0.328594,0.488162,0.29598,0.477477,0.264467,0.469986,0.263328,0.436029,0.242834,0.416942,0.195892,0.396253,0.130208,0.375231,0.11264,0.36524,0.089423,0.362913,0.083903,0.356791,0.076089,0.348661,0.070377,0.348154,0.067421,0.526441,0.396156,0.643537,0.643537,0.436029,0.436029,0.657104,0.657104,0.36524,0.051234
pr7.V.dodh_ts25-triplet,20,0.666639,0.458141,0.619999,0.406443,0.596063,0.356834,0.540109,0.291691,0.47575,0.260874,0.461148,0.134734,0.406443,0.121988,0.374663,0.109895,0.297824,0.083786,0.260874,0.082188,0.243869,0.070773,0.23303,0.066577,0.210605,0.052283,0.20818,0.047367,0.182615,0.039793,0.181737,0.035881,0.167346,0.030443,0.15105,0.030049,0.14959,0.026078,0.137653,0.016385,0.260874,0.059371,0.14959,0.030769,0.461148,0.059908,0.137653,0.016617,0.20818,0.066577
pr7.V.dodh_ts32,20,0.683238,0.683238,0.659602,0.659602,0.570997,0.570997,0.563726,0.563726,0.508737,0.508737,0.499754,0.499754,0.498088,0.438653,0.482678,0.421197,0.438653,0.286983,0.421197,0.268051,0.316993,0.248698,0.302038,0.219239,0.286983,0.194777,0.282738,0.19031,0.268051,0.181244,0.260615,0.159502,0.248698,0.120797,0.222715,0.096807,0.219239,0.049143,0.217524,0.044795,0.508737,0.092962,0.498088,0.044795,0.683238,0.044539,0.217524,0.007624,0.219239,0.024594
pr7.V.dodh_ts45-singlet,20,0.373153,0.34694,0.360082,0.342858,0.347257,0.306698,0.34694,0.291499,0.344853,0.270843,0.342858,0.26639,0.340273,0.265581,0.337052,0.257437,0.325207,0.235078,0.316137,0.225394,0.311132,0.20545,0.307855,0.201805,0.307716,0.190084,0.300926,0.187202,0.297495,0.162976,0.293867,0.149709,0.276362,0.097829,0.276093,0.052164,0.274531,0.033681,0.211644,0.020092,0.342858,0.009949,0.211644,0.025799,0.307855,0.306698,0.293867,0.027326,0.307716,0.257437
pr7.V.dodh_ts45-triplet,20,0.929504,0.929504,0.923074,0.923074,0.910707,0.910707,0.778101,0.778101,0.729705,0.729705,0.717713,0.717713,0.700799,0.700799,0.686574,0.686574,0.663221,0.663221,0.660653,0.660653,0.654816,0.654816,0.616535,0.616535,0.587422,0.587422,0.577255,0.577255,0.522542,0.522542,0.519848,0.519848,0.465989,0.465989,0.250201,0.161739,0.168121,0.078294,0.133813,0.047058,0.250201,0.047058,0.133813,0.037531,0.686574,0.020602,0.616535,0.044113,0.923074,0.041875
pr7.V.dodh_ts56-singlet,20,0.823669,0.320152,0.75286,0.310374,0.745281,0.16363,0.739548,0.140038,0.725573,0.138548,0.701821,0.137837,0.695871,0.119366,0.682164,0.110511,0.659039,0.100223,0.641536,0.091073,0.639784,0.085885,0.63977,0.076374,0.637231,0.073766,0.630649,0.070078,0.594045,0.064238,0.591816,0.061898,0.580352,0.056325,0.569888,0.053986,0.563516,0.051519,0.538605,0.040705,0.594045,0.091073,0.701821,0.097862,0.538605,0.124393,0.569888,0.085885,0.745281,0.064238
pr7.V.dodh_ts56-triplet,20,0.904165,0.904165,0.829907,0.54797,0.822106,0.547457,0.782022,0.199519,0.722125,0.193302,0.708907,0.176107,0.67771,0.116663,0.662068,0.110777,0.655116,0.100506,0.648963,0.090111,0.626264,0.082184,0.604265,0.078832,0.602062,0.078576,0.600923,0.076913,0.599324,0.076074,0.590545,0.074905,0.587227,0.074018,0.569822,0.072263,0.544335,0.071181,0.531879,0.07033,0.904165,0.904165,0.822106,0.100506,0.722125,0.082184,0.531879,0.078576,0.599324,0.193302
pr7.V.dodh_ts61,20,0.861711,0.861711,0.808703,0.808703,0.80826,0.80826,0.802434,0.802434,0.77794,0.77794,0.769715,0.769715,0.767972,0.767972,0.759134,0.759134,0.757307,0.757307,0.756851,0.756851,0.755496,0.755496,0.752854,0.752854,0.746257,0.746257,0.73897,0.73897,0.717507,0.717507,0.716316,0.716316,0.711613,0.711613,0.700085,0.700085,0.696897,0.696897,0.692786,0.692786,0.700085,0.700085,0.717507,0.717507,0.752854,0.752854,0.73897,0.73897,0.769715,0.769715
pr7.V.dodh_ts67,20,0.828506,0.808933,0.818115,0.782601,0.810468,0.774584,0.810397,0.759513,0.808933,0.162492,0.804497,0.120784,0.792105,0.119801,0.782601,0.114394,0.774584,0.114191,0.759513,0.113078,0.756584,0.108742,0.755643,0.107339,0.747388,0.103585,0.708846,0.103378,0.695145,0.095268,0.694759,0.09206,0.641342,0.090613,0.616966,0.088423,0.578295,0.085059,0.557239,0.066827,0.774584,0.774584,0.808933,0.808933,0.759513,0.759513,0.782601,0.782601,0.804497,0.107339
pr7.V.dodh_ts71,20,0.564106,0.4932,0.541329,0.442708,0.521688,0.42706,0.510399,0.377097,0.506474,0.370013,0.497819,0.358922,0.4932,0.336058,0.481847,0.334331,0.468638,0.332103,0.461692,0.320725,0.461609,0.30714,0.43693,0.301582,0.430272,0.292136,0.42706,0.291014,0.406237,0.28958,0.395917,0.263801,0.394365,0.248575,0.385144,0.186466,0.377097,0.178149,0.371016,0.12538,0.385144,0.370013,0.377097,0.377097,0.461609,0.30714,0.468638,0.332103,0.481847,0.334331
pr7.V.dodh_ts81-b,20,0.757666,0.757666,0.730822,0.730822,0.729102,0.729102,0.694457,0.694457,0.66647,0.66647,0.612389,0.612389,0.609724,0.609724,0.607505,0.593821,0.593821,0.589037,0.589037,0.57092,0.57092,0.568093,0.569962,0.565131,0.568093,0.564275,0.565131,0.533814,0.564275,0.491046,0.555834,0.409861,0.542662,0.355889,0.533814,0.300212,0.491046,0.29728,0.423582,0.223478,0.66647,0.66647,0.612389,0.612389,0.730822,0.730822,0.729102,0.729102,0.694457,0.694457
pr7.V.dodh_ts81,20,0.980519,0.980519,0.95,0.95,0.948641,0.948641,0.945981,0.945981,0.933281,0.933281,0.931923,0.931923,0.929296,0.929296,0.92099,0.92099,0.919256,0.919256,0.909093,0.909093,0.908894,0.908894,0.90337,0.90337,0.88442,0.88442,0.871928,0.871928,0.860309,0.860309,0.854737,0.854737,0.805476,0.805476,0.783786,0.783786,0.638925,0.638925,0.638106,0.638106,0.90337,0.90337,0.919256,0.919256,0.95,0.95,0.931923,0.931923,0.945981,0.945981
pr7.V.dodh_ts910-water,20,0.512691,0.512691,0.459855,0.454346,0.454346,0.426227,0.434581,0.379771,0.430472,0.305877,0.426227,0.299237,0.400204,0.280952,0.379771,0.255569,0.37069,0.219369,0.299237,0.214868,0.262299,0.184948,0.259646,0.177209,0.255569,0.173369,0.250467,0.170503,0.225525,0.169569,0.223111,0.148075,0.214868,0.147131,0.208391,0.131136,0.200481,0.124555,0.170962,0.107281,0.299237,0.009315,0.430472,0.305877,0.223111,0.021106,0.434581,0.038755,0.400204,0.017899
pr7.V.dodh_ts910,20,0.975459,0.975459,0.812272,0.812272,0.808363,0.808363,0.797694,0.797694,0.795878,0.795878,0.740564,0.740564,0.715374,0.532529,0.704654,0.525042,0.604085,0.516548,0.578247,0.49523,0.54687,0.488056,0.516548,0.471753,0.515185,0.470012,0.509792,0.430918,0.488056,0.427555,0.427555,0.419458,0.419458,0.407931,0.407931,0.37305,0.37305,0.305136,0.309533,0.146909,0.54687,0.093084,0.37305,0.085681,0.309533,0.013317,0.808363,0.068286,0.578247,0.028771
pr8.ketenes_ts1prime,20,0.74103,0.74103,0.724876,0.724876,0.703416,0.703416,0.660107,0.660107,0.621545,0.57926,0.618327,0.51162,0.617227,0.387946,0.617227,0.387868,0.603835,0.387749,0.580209,0.091773,0.57926,0.070084,0.578209,0.065676,0.563386,0.040613,0.51162,0.037251,0.461634,0.017333,0.395832,0.0,0.379959,0.0,0.36875,0.0,0.346923,0.0,0.297032,0.0,0.660107,0.660107,0.74103,0.74103,0.617227,0.387946,0.617227,0.387749,0.621545,0.387868
pr8.ketenes_ts2prime,20,0.711021,0.711021,0.700531,0.700531,0.629267,0.629267,0.625825,0.625825,0.61725,0.61725,0.614556,0.614556,0.613879,0.613879,0.610383,0.610383,0.605509,0.605509,0.602495,0.602495,0.601827,0.601827,0.601233,0.601233,0.59978,0.59978,0.589534,0.589534,0.585396,0.585396,0.579427,0.579427,0.578595,0.578595,0.571159,0.571159,0.562919,0.562919,0.556436,0.556436,0.562919,0.562919,0.556436,0.556436,0.571159,0.571159,0.601233,0.601233,0.700531,0.700531
pr9.carbene.rearr_ts10,20,0.991153,0.991153,0.98261,0.98261,0.982285,0.982285,0.982181,0.982181,0.977733,0.977733,0.976881,0.976881,0.976881,0.976881,0.975258,0.975258,0.974441,0.974441,0.973098,0.973098,0.9705,0.9705,0.9705,0.9705,0.969664,0.969664,0.966663,0.966663,0.958682,0.958682,0.95703,0.95703,0.956927,0.956927,0.945668,0.945668,0.94257,0.94257,0.935569,0.935569,0.975258,0.975258,0.977733,0.977733,0.991153,0.991153,0.98261,0.98261,0.94257,0.94257
pr9.carbene.rearr_ts11,20,0.926886,0.926886,0.755524,0.755524,0.705495,0.705495,0.704009,0.704009,0.703292,0.703292,0.701928,0.701928,0.700424,0.700424,0.697898,0.697898,0.696822,0.696822,0.695536,0.695536,0.695536,0.695536,0.695426,0.695426,0.683603,0.683603,0.678521,0.678521,0.678519,0.678519,0.644138,0.644138,0.637438,0.637438,0.630362,0.630362,0.599741,0.599741,0.53342,0.53342,0.926886,0.926886,0.697898,0.697898,0.703292,0.703292,0.695426,0.695426,0.705495,0.705495
pr9.carbene.rearr_ts13a,20,0.997837,0.997837,0.990723,0.990723,0.990449,0.990449,0.987906,0.987906,0.985676,0.985676,0.985615,0.985615,0.982881,0.982881,0.982856,0.982856,0.981991,0.981991,0.981559,0.981559,0.98066,0.98066,0.98066,0.98066,0.98066,0.98066,0.98066,0.98066,0.9776,0.9776,0.977394,0.977394,0.977394,0.977394,0.977394,0.977394,0.977394,0.977394,0.968736,0.968736,0.997837,0.997837,0.990449,0.990449,0.987906,0.987906,0.990723,0.990723,0.985615,0.985615
pr9.carbene.rearr_ts33,20,0.781962,0.781962,0.777458,0.777458,0.776673,0.776673,0.775252,0.775252,0.772233,0.772233,0.770258,0.770258,0.769477,0.769477,0.768693,0.768693,0.767457,0.767457,0.767011,0.767011,0.762692,0.762692,0.761133,0.761133,0.76035,0.76035,0.76035,0.76035,0.754282,0.754282,0.754137,0.754137,0.751513,0.751513,0.74995,0.74995,0.731273,0.731273,0.45856,0.45856,0.767457,0.767457,0.768693,0.768693,0.781962,0.781962,0.751513,0.751513,0.76035,0.76035
pr9.carbene.rearr_ts39-endo,20,0.756952,0.756952,0.71533,0.71533,0.698752,0.698752,0.627174,0.627174,0.617735,0.617735,0.595588,0.595588,0.59305,0.59305,0.590592,0.590592,0.586103,0.586103,0.581474,0.581474,0.575663,0.575663,0.573561,0.573561,0.56791,0.565322,0.565322,0.52071,0.557281,0.421442,0.539363,0.335375,0.532486,0.30501,0.52071,0.257631,0.44805,0.221669,0.447891,0.026428,0.532486,0.335375,0.756952,0.756952,0.595588,0.595588,0.447891,0.30501,0.581474,0.581474
pr9.carbene.rearr_ts41a-endo,20,0.422728,0.300844,0.420681,0.294247,0.411876,0.294247,0.405734,0.286879,0.404785,0.283455,0.402877,0.267386,0.390341,0.265211,0.382464,0.264914,0.381216,0.245786,0.379707,0.236152,0.356155,0.199549,0.334609,0.12886,0.332055,0.119655,0.320205,0.081144,0.308228,0.040701,0.305647,0.019199,0.299547,0.01186,0.294247,0.006258,0.294247,0.002689,0.283455,0.000299,0.405734,0.040701,0.390341,0.019199,0.422728,0.01186,0.404785,0.002689,0.420681,0.119655
pr9.carbene.rearr_ts42,20,0.891881,0.891881,0.84061,0.84061,0.839521,0.839521,0.701239,0.701239,0.700217,0.700217,0.699361,0.699361,0.6973,0.6973,0.693344,0.693344,0.692951,0.692951,0.687436,0.687436,0.680592,0.680592,0.680527,0.680527,0.6749,0.6749,0.673357,0.673357,0.670828,0.670828,0.67017,0.67017,0.656905,0.656905,0.638416,0.638416,0.55479,0.341385,0.442824,0.258304,0.891881,0.891881,0.84061,0.84061,0.55479,0.258304,0.839521,0.839521,0.700217,0.700217
pr9.carbene.rearr_ts47a,20,0.743191,0.743191,0.742825,0.742825,0.734006,0.734006,0.71771,0.71771,0.708782,0.708782,0.706772,0.706772,0.706521,0.706521,0.703106,0.703106,0.697472,0.697472,0.69493,0.69493,0.688485,0.688485,0.686144,0.686144,0.681752,0.681752,0.680595,0.680595,0.677869,0.677869,0.669585,0.669585,0.664713,0.664713,0.653241,0.653241,0.632457,0.632457,0.499752,0.499752,0.632457,0.632457,0.677869,0.677869,0.706772,0.706772,0.688485,0.688485,0.69493,0.69493
