experiment,index,direction,terminal,repeat,method,representative,lower,upper,optimal,seconds,solver_queries,archive_loading_seconds
initial,0,P_to_R,,0,invariance_certificate,11,11,11,True,0.00997238140553236,0,14.496887002140284
initial,0,P_to_R,,1,invariance_certificate,11,11,11,True,0.008874685503542423,0,14.496887002140284
initial,0,P_to_R,,2,invariance_certificate,11,11,11,True,0.008852536790072918,0,14.496887002140284
initial,1033,P_to_R,,0,bounded_symbolic,8,6,6,True,0.22834965866059065,2,1.4985936684533954
initial,1033,P_to_R,,1,bounded_symbolic,8,6,6,True,0.17629352305084467,2,1.4985936684533954
initial,1033,P_to_R,,2,bounded_symbolic,8,6,6,True,0.17897500563412905,2,1.4985936684533954
initial,1786,P_to_R,,0,bounded_symbolic,5,3,3,True,0.3048396026715636,1,9.391726379282773
initial,1786,P_to_R,,1,bounded_symbolic,5,3,3,True,0.234368029050529,1,9.391726379282773
initial,1786,P_to_R,,2,bounded_symbolic,5,3,3,True,0.2346797278150916,1,9.391726379282773
initial,44,P_to_R,,0,bounded_symbolic,6,4,4,True,0.17817180790007114,1,4.314464843831956
initial,44,P_to_R,,1,bounded_symbolic,6,4,4,True,0.1823780992999673,1,4.314464843831956
initial,44,P_to_R,,2,bounded_symbolic,6,4,4,True,0.20067718531936407,1,4.314464843831956
initial,44,R_to_P,,0,bounded_symbolic,6,4,4,True,0.21597493439912796,1,6.2839149152860045
initial,44,R_to_P,,1,bounded_symbolic,6,4,4,True,0.18746337294578552,1,6.2839149152860045
initial,44,R_to_P,,2,bounded_symbolic,6,4,4,True,0.18965972494333982,1,6.2839149152860045
initial,865,P_to_R,,0,bounded_symbolic,13,11,11,True,0.11652146559208632,2,2.5770870838314295
initial,865,P_to_R,,1,bounded_symbolic,13,11,11,True,0.09079020749777555,2,2.5770870838314295
initial,865,P_to_R,,2,bounded_symbolic,13,11,11,True,0.09086745325475931,2,2.5770870838314295
blind,0,P_to_R,44048,,invariance_certificate,9,9,9,True,0.010012918151915073,0,15.12649280950427
blind,0,P_to_R,75956,,invariance_certificate,11,11,11,True,0.011010836809873581,0,15.12649280950427
blind,0,P_to_R,633857,,invariance_certificate,11,11,11,True,0.00932797696441412,0,15.12649280950427
blind,0,P_to_R,75960,,invariance_certificate,13,13,13,True,0.010930275544524193,0,15.12649280950427
blind,0,P_to_R,170788,,invariance_certificate,13,13,13,True,0.01045626774430275,0,15.12649280950427
blind,0,P_to_R,170798,,bounded_symbolic,13,13,13,True,0.1902375314384699,1,15.12649280950427
blind,0,P_to_R,170792,,bounded_symbolic,13,13,13,True,0.1631117044016719,1,15.12649280950427
blind,0,P_to_R,154392,,invariance_certificate,13,13,13,True,0.010599518194794655,0,15.12649280950427
blind,0,P_to_R,686176,,bounded_symbolic,26,26,26,True,0.17089789360761642,0,15.12649280950427
blind,0,P_to_R,108820,,invariance_certificate,32,32,32,True,0.01018623635172844,0,15.12649280950427
blind,0,P_to_R,22591,,invariance_certificate,18,18,18,True,0.009765897877514362,0,15.12649280950427
blind,0,P_to_R,806124,,invariance_certificate,19,19,19,True,0.009667210280895233,0,15.12649280950427
blind,0,P_to_R,258911,,invariance_certificate,28,28,28,True,0.010190041735768318,0,15.12649280950427
blind,0,P_to_R,228057,,invariance_certificate,23,23,23,True,0.009915183298289776,0,15.12649280950427
blind,0,P_to_R,210105,,invariance_certificate,35,35,35,True,0.010722077451646328,0,15.12649280950427
blind,0,P_to_R,128839,,invariance_certificate,25,25,25,True,0.009900452569127083,0,15.12649280950427
blind,0,P_to_R,801565,,invariance_certificate,19,19,19,True,0.009513906203210354,0,15.12649280950427
blind,0,P_to_R,99112,,invariance_certificate,19,19,19,True,0.009574081748723984,0,15.12649280950427
blind,0,P_to_R,732395,,invariance_certificate,32,32,32,True,0.010531767271459103,0,15.12649280950427
blind,0,P_to_R,805415,,invariance_certificate,30,30,30,True,0.012041505426168442,0,15.12649280950427
blind,0,P_to_R,980181,,invariance_certificate,30,30,30,True,0.01150011457502842,0,15.12649280950427
blind,0,P_to_R,567218,,invariance_certificate,33,33,33,True,0.011608043685555458,0,15.12649280950427
blind,0,P_to_R,81865,,invariance_certificate,31,31,31,True,0.012651237659156322,0,15.12649280950427
blind,0,P_to_R,618694,,invariance_certificate,32,32,32,True,0.010205131955444813,0,15.12649280950427
blind,0,P_to_R,420648,,invariance_certificate,21,21,21,True,0.009825449436903,0,15.12649280950427
blind,0,P_to_R,28982,,invariance_certificate,21,21,21,True,0.010038935579359531,0,15.12649280950427
blind,0,P_to_R,28245,,bounded_symbolic,28,28,28,True,0.18271261360496283,1,15.12649280950427
blind,0,P_to_R,87694,,invariance_certificate,30,30,30,True,0.01026228815317154,0,15.12649280950427
blind,0,P_to_R,203544,,bounded_symbolic,28,28,28,True,0.34148552082479,3,15.12649280950427
blind,0,P_to_R,217014,,invariance_certificate,21,21,21,True,0.009681299328804016,0,15.12649280950427
blind,0,P_to_R,516949,,invariance_certificate,27,27,27,True,0.010125212371349335,0,15.12649280950427
blind,0,P_to_R,637011,,invariance_certificate,38,38,38,True,0.012820012867450714,0,15.12649280950427
blind,1033,P_to_R,52056,,bounded_symbolic,4,4,4,True,0.19549221638590097,0,1.4867659704759717
blind,1033,P_to_R,4865,,bounded_symbolic,6,4,4,True,0.2310758652165532,1,1.4867659704759717
blind,1033,P_to_R,52540,,bounded_symbolic,6,6,6,True,0.17759668454527855,0,1.4867659704759717
blind,1033,P_to_R,52057,,bounded_symbolic,6,6,6,True,0.16486079711467028,0,1.4867659704759717
blind,1033,P_to_R,43210,,bounded_symbolic,6,4,4,True,0.21510613895952702,1,1.4867659704759717
blind,1033,P_to_R,52058,,bounded_symbolic,6,6,6,True,0.16486061085015535,0,1.4867659704759717
blind,1033,P_to_R,42549,,bounded_symbolic,6,4,4,True,0.18846487998962402,1,1.4867659704759717
blind,1033,P_to_R,52606,,bounded_symbolic,8,6,6,True,0.18390071857720613,1,1.4867659704759717
blind,1033,P_to_R,40783,,bounded_symbolic,8,6,6,True,0.18258556723594666,1,1.4867659704759717
blind,1033,P_to_R,6492,,bounded_symbolic,10,8,8,True,0.8630442973226309,2,1.4867659704759717
blind,1033,P_to_R,886,,bounded_symbolic,8,6,6,True,0.18735181912779808,1,1.4867659704759717
blind,1033,P_to_R,50354,,bounded_symbolic,61,59,59,True,1.6537118358537555,4,1.4867659704759717
blind,1033,P_to_R,15866,,bounded_symbolic,10,8,8,True,0.20768818911165,2,1.4867659704759717
blind,1033,P_to_R,10821,,bounded_symbolic,10,8,8,True,0.24631655495613813,2,1.4867659704759717
blind,1033,P_to_R,10076,,bounded_symbolic,10,8,8,True,0.17948179692029953,1,1.4867659704759717
blind,1033,P_to_R,7382,,bounded_symbolic,8,6,6,True,0.19473267626017332,2,1.4867659704759717
blind,1033,P_to_R,50313,,bounded_symbolic,61,59,59,True,1.3209459781646729,4,1.4867659704759717
blind,1033,P_to_R,6202,,bounded_symbolic,10,8,8,True,0.19739842414855957,2,1.4867659704759717
blind,1033,P_to_R,41955,,bounded_symbolic,13,11,11,True,0.1694068619981408,2,1.4867659704759717
blind,1033,P_to_R,50347,,bounded_symbolic,61,59,59,True,1.4962466917932034,4,1.4867659704759717
blind,1033,P_to_R,59376,,bounded_symbolic,10,8,8,True,0.1399235911667347,1,1.4867659704759717
blind,1033,P_to_R,37388,,bounded_symbolic,6,4,4,True,0.13968290388584137,1,1.4867659704759717
blind,1033,P_to_R,5678,,bounded_symbolic,17,15,15,True,0.17919342871755362,3,1.4867659704759717
blind,1033,P_to_R,39084,,bounded_symbolic,10,8,8,True,0.17077557276934385,1,1.4867659704759717
blind,1033,P_to_R,21566,,bounded_symbolic,10,8,8,True,0.14602367021143436,2,1.4867659704759717
blind,1033,P_to_R,1161,,bounded_symbolic,13,11,11,True,0.14569218084216118,2,1.4867659704759717
blind,1033,P_to_R,1048,,bounded_symbolic,12,10,10,True,0.15655854437500238,2,1.4867659704759717
blind,1033,P_to_R,5887,,bounded_symbolic,8,6,6,True,0.20912683103233576,1,1.4867659704759717
blind,1033,P_to_R,9922,,bounded_symbolic,10,8,8,True,0.19679564516991377,2,1.4867659704759717
blind,1033,P_to_R,10391,,bounded_symbolic,8,6,6,True,0.22844657115638256,2,1.4867659704759717
blind,1033,P_to_R,36024,,bounded_symbolic,8,6,6,True,0.16789034102112055,1,1.4867659704759717
blind,1033,P_to_R,39465,,bounded_symbolic,16,14,14,True,0.304778422228992,2,1.4867659704759717
blind,1786,P_to_R,111792,,bounded_symbolic,3,3,3,True,0.27462211810052395,0,10.017505980096757
blind,1786,P_to_R,202682,,bounded_symbolic,5,3,3,True,0.3043801775202155,1,10.017505980096757
blind,1786,P_to_R,546027,,bounded_symbolic,5,3,3,True,0.23739979229867458,1,10.017505980096757
blind,1786,P_to_R,304516,,bounded_symbolic,6,6,6,True,0.39660671167075634,0,10.017505980096757
blind,1786,P_to_R,145358,,bounded_symbolic,6,6,6,True,0.2782282456755638,1,10.017505980096757
blind,1786,P_to_R,145359,,bounded_symbolic,6,6,6,True,0.23634271044284105,1,10.017505980096757
blind,1786,P_to_R,145356,,bounded_symbolic,6,6,6,True,0.2413685778155923,1,10.017505980096757
blind,1786,P_to_R,304519,,bounded_symbolic,6,6,6,True,0.3519031750038266,0,10.017505980096757
blind,1786,P_to_R,137064,,bounded_symbolic,42,40,41,False,6.388279364444315,4,10.017505980096757
blind,1786,P_to_R,30307,,bounded_symbolic,41,39,39,True,0.7350417412817478,4,10.017505980096757
blind,1786,P_to_R,304426,,bounded_symbolic,39,26,39,False,3.0031128088012338,1,10.017505980096757
blind,1786,P_to_R,271901,,bounded_symbolic,49,45,49,False,3.0078701451420784,2,10.017505980096757
blind,1786,P_to_R,243799,,bounded_symbolic,41,32,41,False,3.0011015832424164,2,10.017505980096757
blind,1786,P_to_R,179727,,bounded_symbolic,48,24,48,False,3.001907868310809,1,10.017505980096757
blind,1786,P_to_R,130643,,bounded_symbolic,44,42,42,True,1.6497833570465446,4,10.017505980096757
blind,1786,P_to_R,103683,,bounded_symbolic,47,42,47,False,3.000239231623709,2,10.017505980096757
blind,1786,P_to_R,465080,,bounded_symbolic,45,43,43,True,1.0576612073928118,3,10.017505980096757
blind,1786,P_to_R,40032,,bounded_symbolic,41,39,39,True,1.4744448782876134,4,10.017505980096757
blind,1786,P_to_R,39967,,bounded_symbolic,42,40,40,True,0.8945237454026937,4,10.017505980096757
blind,1786,P_to_R,114166,,bounded_symbolic,45,43,43,True,0.8081970168277621,4,10.017505980096757
blind,1786,P_to_R,240988,,bounded_symbolic,8,6,6,True,0.2852697819471359,2,10.017505980096757
blind,1786,P_to_R,255871,,bounded_symbolic,40,38,38,True,3.023694658651948,4,10.017505980096757
blind,1786,P_to_R,568248,,bounded_symbolic,39,37,37,True,0.6928226836025715,4,10.017505980096757
blind,1786,P_to_R,30683,,bounded_symbolic,5,3,3,True,0.27376579493284225,1,10.017505980096757
blind,1786,P_to_R,226325,,bounded_symbolic,43,41,41,True,2.7840587589889765,4,10.017505980096757
blind,1786,P_to_R,457996,,bounded_symbolic,8,6,6,True,0.27480748668313026,3,10.017505980096757
blind,1786,P_to_R,243708,,bounded_symbolic,41,31,41,False,3.0007312651723623,2,10.017505980096757
blind,1786,P_to_R,490969,,bounded_symbolic,42,20,42,False,3.0015984382480383,1,10.017505980096757
blind,1786,P_to_R,304562,,bounded_symbolic,5,3,3,True,0.29254354164004326,1,10.017505980096757
blind,1786,P_to_R,10397,,bounded_symbolic,8,6,6,True,0.7186067970469594,1,10.017505980096757
blind,1786,P_to_R,196382,,bounded_symbolic,29,27,27,True,1.3916425881907344,4,10.017505980096757
blind,1786,P_to_R,465497,,bounded_symbolic,5,3,3,True,0.2562064537778497,1,10.017505980096757
blind,44,P_to_R,211792,,bounded_symbolic,4,4,4,True,0.1059489082545042,1,4.130988913588226
blind,44,P_to_R,144284,,bounded_symbolic,4,4,4,True,0.1584465866908431,1,4.130988913588226
blind,44,P_to_R,87754,,bounded_symbolic,6,4,4,True,0.08042389340698719,2,4.130988913588226
blind,44,P_to_R,89352,,bounded_symbolic,6,4,4,True,0.08533158618956804,1,4.130988913588226
blind,44,P_to_R,92922,,bounded_symbolic,6,4,4,True,0.1518060313537717,2,4.130988913588226
blind,44,P_to_R,41059,,bounded_symbolic,8,8,8,True,0.15123432967811823,1,4.130988913588226
blind,44,P_to_R,93363,,bounded_symbolic,8,6,6,True,0.10536835622042418,2,4.130988913588226
blind,44,P_to_R,258707,,bounded_symbolic,8,6,6,True,0.19395127426832914,2,4.130988913588226
blind,44,P_to_R,257677,,bounded_symbolic,29,27,27,True,0.16407032683491707,3,4.130988913588226
blind,44,P_to_R,47821,,bounded_symbolic,30,28,28,True,0.15448529832065105,3,4.130988913588226
blind,44,P_to_R,10752,,bounded_symbolic,35,35,35,True,0.2019159160554409,4,4.130988913588226
blind,44,P_to_R,113108,,bounded_symbolic,36,34,34,True,0.19621503446251154,4,4.130988913588226
blind,44,P_to_R,103582,,bounded_symbolic,37,35,35,True,0.20404535997658968,3,4.130988913588226
blind,44,P_to_R,93247,,bounded_symbolic,26,26,26,True,0.15044158045202494,2,4.130988913588226
blind,44,P_to_R,62884,,bounded_symbolic,30,30,30,True,0.15511831175535917,2,4.130988913588226
blind,44,P_to_R,44531,,bounded_symbolic,36,36,36,True,0.22897284105420113,4,4.130988913588226
blind,44,P_to_R,269653,,bounded_symbolic,26,26,26,True,0.24564656987786293,4,4.130988913588226
blind,44,P_to_R,222397,,bounded_symbolic,28,26,26,True,0.13171919714659452,3,4.130988913588226
blind,44,P_to_R,35813,,bounded_symbolic,30,28,28,True,0.1558530582115054,3,4.130988913588226
blind,44,P_to_R,239870,,bounded_symbolic,33,33,33,True,0.1668551778420806,3,4.130988913588226
blind,44,P_to_R,171585,,bounded_symbolic,36,34,34,True,2.286378943361342,4,4.130988913588226
blind,44,P_to_R,13811,,bounded_symbolic,34,32,32,True,0.19170446880161762,3,4.130988913588226
blind,44,P_to_R,12608,,bounded_symbolic,26,26,26,True,0.17867829836905003,3,4.130988913588226
blind,44,P_to_R,39318,,bounded_symbolic,33,33,33,True,0.18878397904336452,3,4.130988913588226
blind,44,P_to_R,92826,,bounded_symbolic,26,24,24,True,0.15451654884964228,3,4.130988913588226
blind,44,P_to_R,97855,,bounded_symbolic,28,26,26,True,0.17671180330216885,3,4.130988913588226
blind,44,P_to_R,202386,,bounded_symbolic,36,34,34,True,0.2658000895753503,4,4.130988913588226
blind,44,P_to_R,244166,,bounded_symbolic,26,26,26,True,0.11687979009002447,2,4.130988913588226
blind,44,P_to_R,10896,,bounded_symbolic,28,26,26,True,0.119964643381536,3,4.130988913588226
blind,44,P_to_R,229873,,bounded_symbolic,32,32,32,True,0.15757735166698694,3,4.130988913588226
blind,44,P_to_R,86183,,bounded_symbolic,34,32,32,True,0.17993957735598087,3,4.130988913588226
blind,44,P_to_R,260497,,bounded_symbolic,36,34,34,True,0.21982538141310215,4,4.130988913588226
blind,44,R_to_P,293340,,bounded_symbolic,4,4,4,True,0.12501827254891396,0,6.09685102943331
blind,44,R_to_P,110900,,bounded_symbolic,6,4,4,True,0.10247844457626343,1,6.09685102943331
blind,44,R_to_P,110920,,bounded_symbolic,6,4,4,True,0.1103036105632782,1,6.09685102943331
blind,44,R_to_P,114102,,bounded_symbolic,6,4,4,True,0.09073401149362326,1,6.09685102943331
blind,44,R_to_P,70552,,bounded_symbolic,8,8,8,True,0.07647114619612694,0,6.09685102943331
blind,44,R_to_P,112108,,bounded_symbolic,8,6,6,True,0.09133458975702524,1,6.09685102943331
blind,44,R_to_P,129288,,bounded_symbolic,9,7,7,True,0.10761034209281206,1,6.09685102943331
blind,44,R_to_P,70545,,bounded_symbolic,10,8,8,True,0.10201078839600086,1,6.09685102943331
blind,44,R_to_P,86972,,bounded_symbolic,30,28,28,True,0.1766011891886592,2,6.09685102943331
blind,44,R_to_P,22138,,bounded_symbolic,30,28,28,True,0.2179267005994916,2,6.09685102943331
blind,44,R_to_P,214994,,bounded_symbolic,33,33,33,True,0.1785623524338007,0,6.09685102943331
blind,44,R_to_P,193157,,bounded_symbolic,33,32,32,True,0.19595978129655123,1,6.09685102943331
blind,44,R_to_P,179395,,bounded_symbolic,30,28,28,True,0.2666532974690199,2,6.09685102943331
blind,44,R_to_P,110796,,bounded_symbolic,36,34,34,True,0.18381241988390684,1,6.09685102943331
blind,44,R_to_P,79805,,bounded_symbolic,32,30,30,True,0.2145666852593422,2,6.09685102943331
blind,44,R_to_P,67646,,bounded_symbolic,24,24,24,True,0.16486431937664747,0,6.09685102943331
blind,44,R_to_P,319780,,bounded_symbolic,28,26,26,True,0.21192730404436588,2,6.09685102943331
blind,44,R_to_P,26357,,bounded_symbolic,30,24,26,False,3.1478839525952935,1,6.09685102943331
blind,44,R_to_P,25699,,bounded_symbolic,30,30,30,True,0.13860107865184546,1,6.09685102943331
blind,44,R_to_P,71023,,bounded_symbolic,29,27,27,True,0.17338019702583551,2,6.09685102943331
blind,44,R_to_P,177110,,bounded_symbolic,26,24,24,True,0.13032149709761143,1,6.09685102943331
blind,44,R_to_P,186188,,bounded_symbolic,28,28,28,True,0.13067444041371346,0,6.09685102943331
blind,44,R_to_P,379908,,bounded_symbolic,30,26,26,True,0.23195088002830744,2,6.09685102943331
blind,44,R_to_P,23139,,bounded_symbolic,28,26,26,True,0.23800574522465467,2,6.09685102943331
blind,44,R_to_P,163462,,bounded_symbolic,26,26,26,True,0.18466758634895086,1,6.09685102943331
blind,44,R_to_P,319267,,bounded_symbolic,28,26,26,True,0.16951026767492294,2,6.09685102943331
blind,44,R_to_P,177356,,bounded_symbolic,33,31,31,True,0.1808438254520297,1,6.09685102943331
blind,44,R_to_P,336072,,bounded_symbolic,28,26,26,True,0.17203776072710752,2,6.09685102943331
blind,44,R_to_P,216241,,bounded_symbolic,29,27,27,True,0.17051259241998196,1,6.09685102943331
blind,44,R_to_P,6543,,bounded_symbolic,30,28,28,True,0.22945317719131708,2,6.09685102943331
blind,44,R_to_P,128058,,bounded_symbolic,26,24,24,True,0.16324794944375753,1,6.09685102943331
blind,44,R_to_P,321272,,bounded_symbolic,32,30,30,True,0.17993201967328787,2,6.09685102943331
blind,865,P_to_R,76484,,bounded_symbolic,13,11,11,True,0.10372973792254925,1,2.6357055539265275
blind,865,P_to_R,103416,,bounded_symbolic,13,11,11,True,0.07571441493928432,2,2.6357055539265275
blind,865,P_to_R,80902,,bounded_symbolic,13,11,11,True,0.07532159239053726,2,2.6357055539265275
blind,865,P_to_R,133607,,bounded_symbolic,13,13,13,True,0.08682958222925663,1,2.6357055539265275
blind,865,P_to_R,135217,,bounded_symbolic,13,13,13,True,0.11971601471304893,1,2.6357055539265275
blind,865,P_to_R,137021,,bounded_symbolic,13,13,13,True,0.10524072404950857,1,2.6357055539265275
blind,865,P_to_R,65976,,bounded_symbolic,15,13,13,True,0.12941282149404287,2,2.6357055539265275
blind,865,P_to_R,76904,,bounded_symbolic,15,13,13,True,0.08488591574132442,2,2.6357055539265275
blind,865,P_to_R,26762,,bounded_symbolic,19,17,17,True,0.1169627858325839,3,2.6357055539265275
blind,865,P_to_R,5785,,bounded_symbolic,25,23,23,True,0.14261668920516968,2,2.6357055539265275
blind,865,P_to_R,64191,,bounded_symbolic,21,19,19,True,0.20990855433046818,2,2.6357055539265275
blind,865,P_to_R,56023,,bounded_symbolic,27,25,25,True,0.3988349577412009,3,2.6357055539265275
blind,865,P_to_R,50967,,bounded_symbolic,23,21,21,True,0.4632519641891122,3,2.6357055539265275
blind,865,P_to_R,33378,,bounded_symbolic,17,15,15,True,0.1411781683564186,2,2.6357055539265275
blind,865,P_to_R,25454,,bounded_symbolic,27,25,25,True,0.3576805926859379,3,2.6357055539265275
blind,865,P_to_R,130434,,bounded_symbolic,31,29,29,True,0.8078885963186622,3,2.6357055539265275
blind,865,P_to_R,22221,,bounded_symbolic,32,30,30,True,2.14773222617805,2,2.6357055539265275
blind,865,P_to_R,142515,,bounded_symbolic,19,17,17,True,0.11577489227056503,2,2.6357055539265275
blind,865,P_to_R,102613,,bounded_symbolic,43,43,43,True,0.1709216209128499,3,2.6357055539265275
blind,865,P_to_R,9229,,bounded_symbolic,45,45,45,True,0.3125565005466342,3,2.6357055539265275
blind,865,P_to_R,9164,,bounded_symbolic,45,45,45,True,0.33787964284420013,3,2.6357055539265275
blind,865,P_to_R,22965,,bounded_symbolic,27,25,25,True,0.24338049441576004,3,2.6357055539265275
blind,865,P_to_R,50331,,bounded_symbolic,32,30,30,True,0.30617025773972273,3,2.6357055539265275
blind,865,P_to_R,52669,,bounded_symbolic,23,21,21,True,0.18320441711694002,2,2.6357055539265275
blind,865,P_to_R,121964,,bounded_symbolic,21,19,19,True,0.1871529035270214,2,2.6357055539265275
blind,865,P_to_R,144838,,bounded_symbolic,17,15,15,True,0.11570104956626892,2,2.6357055539265275
blind,865,P_to_R,5993,,bounded_symbolic,23,21,21,True,0.28655547089874744,3,2.6357055539265275
blind,865,P_to_R,134155,,bounded_symbolic,17,15,15,True,0.13869890291243792,2,2.6357055539265275
blind,865,P_to_R,46212,,bounded_symbolic,25,23,23,True,0.2662980845198035,3,2.6357055539265275
blind,865,P_to_R,129466,,bounded_symbolic,23,21,21,True,0.18207599222660065,2,2.6357055539265275
blind,865,P_to_R,99456,,bounded_symbolic,19,17,17,True,0.11393293645232916,2,2.6357055539265275
blind,865,P_to_R,50390,,bounded_symbolic,30,28,28,True,0.391453824006021,3,2.6357055539265275
pruned,0,P_to_R,44048,,invariance_certificate,9,9,9,True,0.010027732700109482,0,15.14768925961107
pruned,0,P_to_R,75956,,invariance_certificate,11,11,11,True,0.011040217243134975,0,15.14768925961107
pruned,0,P_to_R,633857,,invariance_certificate,11,11,11,True,0.009374246001243591,0,15.14768925961107
pruned,0,P_to_R,75960,,invariance_certificate,13,13,13,True,0.010884140618145466,0,15.14768925961107
pruned,0,P_to_R,170788,,invariance_certificate,13,13,13,True,0.010472646914422512,0,15.14768925961107
pruned,0,P_to_R,170798,,bounded_symbolic,13,13,13,True,0.19184001442044973,1,15.14768925961107
pruned,0,P_to_R,170792,,bounded_symbolic,13,13,13,True,0.16432665288448334,1,15.14768925961107
pruned,0,P_to_R,154392,,invariance_certificate,13,13,13,True,0.010630745440721512,0,15.14768925961107
pruned,0,P_to_R,686176,,bounded_symbolic,26,26,26,True,0.17238473054021597,0,15.14768925961107
pruned,0,P_to_R,108820,,invariance_certificate,32,32,32,True,0.010234953835606575,0,15.14768925961107
pruned,0,P_to_R,22591,,invariance_certificate,18,18,18,True,0.009803184308111668,0,15.14768925961107
pruned,0,P_to_R,806124,,invariance_certificate,19,19,19,True,0.009720263071358204,0,15.14768925961107
pruned,0,P_to_R,258911,,invariance_certificate,28,28,28,True,0.010239598341286182,0,15.14768925961107
pruned,0,P_to_R,228057,,invariance_certificate,23,23,23,True,0.00995163805782795,0,15.14768925961107
pruned,0,P_to_R,210105,,invariance_certificate,35,35,35,True,0.010791581124067307,0,15.14768925961107
pruned,0,P_to_R,128839,,invariance_certificate,25,25,25,True,0.009946118108928204,0,15.14768925961107
pruned,0,P_to_R,801565,,invariance_certificate,19,19,19,True,0.009579231962561607,0,15.14768925961107
pruned,0,P_to_R,99112,,invariance_certificate,19,19,19,True,0.009611916728317738,0,15.14768925961107
pruned,0,P_to_R,732395,,invariance_certificate,32,32,32,True,0.010575814172625542,0,15.14768925961107
pruned,0,P_to_R,805415,,invariance_certificate,30,30,30,True,0.012056817300617695,0,15.14768925961107
pruned,0,P_to_R,980181,,invariance_certificate,30,30,30,True,0.011557786725461483,0,15.14768925961107
pruned,0,P_to_R,567218,,invariance_certificate,33,33,33,True,0.011657902039587498,0,15.14768925961107
pruned,0,P_to_R,81865,,invariance_certificate,31,31,31,True,0.012709447182714939,0,15.14768925961107
pruned,0,P_to_R,618694,,invariance_certificate,32,32,32,True,0.0102384639903903,0,15.14768925961107
pruned,0,P_to_R,420648,,invariance_certificate,21,21,21,True,0.0098494291305542,0,15.14768925961107
pruned,0,P_to_R,28982,,invariance_certificate,21,21,21,True,0.010077795945107937,0,15.14768925961107
pruned,0,P_to_R,28245,,bounded_symbolic,28,28,28,True,0.18396434374153614,1,15.14768925961107
pruned,0,P_to_R,87694,,invariance_certificate,30,30,30,True,0.010244044475257397,0,15.14768925961107
pruned,0,P_to_R,203544,,bounded_symbolic,28,28,28,True,0.34325249306857586,3,15.14768925961107
pruned,0,P_to_R,217014,,invariance_certificate,21,21,21,True,0.009634299203753471,0,15.14768925961107
pruned,0,P_to_R,516949,,invariance_certificate,27,27,27,True,0.010117743164300919,0,15.14768925961107
pruned,0,P_to_R,637011,,invariance_certificate,38,38,38,True,0.012842061929404736,0,15.14768925961107
pruned,1033,P_to_R,52056,,bounded_symbolic,4,4,4,True,0.19571072980761528,0,1.4776175552979112
pruned,1033,P_to_R,4865,,bounded_symbolic,6,4,4,True,0.23244816903024912,1,1.4776175552979112
pruned,1033,P_to_R,52540,,bounded_symbolic,6,6,6,True,0.1833268804475665,0,1.4776175552979112
pruned,1033,P_to_R,52057,,bounded_symbolic,6,6,6,True,0.172317611053586,0,1.4776175552979112
pruned,1033,P_to_R,43210,,bounded_symbolic,6,4,4,True,0.2088347189128399,1,1.4776175552979112
pruned,1033,P_to_R,52058,,bounded_symbolic,6,6,6,True,0.16508163791149855,0,1.4776175552979112
pruned,1033,P_to_R,42549,,bounded_symbolic,6,4,4,True,0.1921770917251706,1,1.4776175552979112
pruned,1033,P_to_R,52606,,bounded_symbolic,8,6,6,True,0.1841649655252695,1,1.4776175552979112
pruned,1033,P_to_R,40783,,bounded_symbolic,8,6,6,True,0.18298287317156792,1,1.4776175552979112
pruned,1033,P_to_R,6492,,bounded_symbolic,10,8,8,True,0.8649102263152599,2,1.4776175552979112
pruned,1033,P_to_R,886,,bounded_symbolic,8,6,6,True,0.18884464260190725,1,1.4776175552979112
pruned,1033,P_to_R,50354,,bounded_symbolic,61,59,59,True,1.6345958830788732,4,1.4776175552979112
pruned,1033,P_to_R,15866,,bounded_symbolic,10,8,8,True,0.22034569643437862,2,1.4776175552979112
pruned,1033,P_to_R,10821,,bounded_symbolic,10,8,8,True,0.24823081027716398,2,1.4776175552979112
pruned,1033,P_to_R,10076,,bounded_symbolic,10,8,8,True,0.18015788309276104,1,1.4776175552979112
pruned,1033,P_to_R,7382,,bounded_symbolic,8,6,6,True,0.19586028158664703,2,1.4776175552979112
pruned,1033,P_to_R,50313,,bounded_symbolic,61,59,59,True,1.3186277225613594,4,1.4776175552979112
pruned,1033,P_to_R,6202,,bounded_symbolic,10,8,8,True,0.19223665911704302,2,1.4776175552979112
pruned,1033,P_to_R,41955,,bounded_symbolic,13,11,11,True,0.16509669553488493,2,1.4776175552979112
pruned,1033,P_to_R,50347,,bounded_symbolic,61,59,59,True,1.4834375707432628,4,1.4776175552979112
pruned,1033,P_to_R,59376,,bounded_symbolic,10,8,8,True,0.14225418865680695,1,1.4776175552979112
pruned,1033,P_to_R,37388,,bounded_symbolic,6,4,4,True,0.14294971153140068,1,1.4776175552979112
pruned,1033,P_to_R,5678,,bounded_symbolic,17,15,15,True,0.1604250818490982,3,1.4776175552979112
pruned,1033,P_to_R,39084,,bounded_symbolic,10,8,8,True,0.1703118635341525,1,1.4776175552979112
pruned,1033,P_to_R,21566,,bounded_symbolic,10,8,8,True,0.18976646941155195,2,1.4776175552979112
pruned,1033,P_to_R,1161,,bounded_symbolic,13,11,11,True,0.2050846368074417,2,1.4776175552979112
pruned,1033,P_to_R,1048,,bounded_symbolic,12,10,10,True,0.2241782695055008,2,1.4776175552979112
pruned,1033,P_to_R,5887,,bounded_symbolic,8,6,6,True,0.23666997533291578,1,1.4776175552979112
pruned,1033,P_to_R,9922,,bounded_symbolic,10,8,8,True,0.1785441404208541,2,1.4776175552979112
pruned,1033,P_to_R,10391,,bounded_symbolic,8,6,6,True,0.2210175385698676,2,1.4776175552979112
pruned,1033,P_to_R,36024,,bounded_symbolic,8,6,6,True,0.17621931619942188,1,1.4776175552979112
pruned,1033,P_to_R,39465,,bounded_symbolic,16,14,14,True,0.33527930546551943,2,1.4776175552979112
pruned,1786,P_to_R,111792,,bounded_symbolic,3,3,3,True,0.2751664025709033,0,9.893736477941275
pruned,1786,P_to_R,202682,,bounded_symbolic,5,3,3,True,0.30459628626704216,1,9.893736477941275
pruned,1786,P_to_R,546027,,bounded_symbolic,5,3,3,True,0.2379488768056035,1,9.893736477941275
pruned,1786,P_to_R,304516,,bounded_symbolic,6,6,6,True,0.39656736981123686,0,9.893736477941275
pruned,1786,P_to_R,145358,,bounded_symbolic,6,6,6,True,0.2781323241069913,1,9.893736477941275
pruned,1786,P_to_R,145359,,bounded_symbolic,6,6,6,True,0.23722713347524405,1,9.893736477941275
pruned,1786,P_to_R,145356,,bounded_symbolic,6,6,6,True,0.2350811120122671,1,9.893736477941275
pruned,1786,P_to_R,304519,,bounded_symbolic,6,6,6,True,0.3567420821636915,0,9.893736477941275
pruned,1786,P_to_R,137064,,bounded_symbolic,42,40,41,False,6.124462124891579,4,9.893736477941275
pruned,1786,P_to_R,30307,,bounded_symbolic,41,39,39,True,0.7304507130756974,4,9.893736477941275
pruned,1786,P_to_R,304426,,bounded_symbolic,39,26,39,False,3.0048322658985853,1,9.893736477941275
pruned,1786,P_to_R,271901,,bounded_symbolic,49,45,49,False,3.0040904618799686,2,9.893736477941275
pruned,1786,P_to_R,243799,,bounded_symbolic,41,32,41,False,3.0013335160911083,2,9.893736477941275
pruned,1786,P_to_R,179727,,bounded_symbolic,48,24,48,False,3.002011747099459,1,9.893736477941275
pruned,1786,P_to_R,130643,,bounded_symbolic,44,42,42,True,2.1187613559886813,4,9.893736477941275
pruned,1786,P_to_R,103683,,bounded_symbolic,47,35,47,False,3.0019343504682183,1,9.893736477941275
pruned,1786,P_to_R,465080,,bounded_symbolic,45,43,43,True,0.9467379972338676,3,9.893736477941275
pruned,1786,P_to_R,40032,,bounded_symbolic,41,39,39,True,1.3980569541454315,4,9.893736477941275
pruned,1786,P_to_R,39967,,bounded_symbolic,42,40,40,True,1.0219160532578826,4,9.893736477941275
pruned,1786,P_to_R,114166,,bounded_symbolic,45,43,43,True,0.8193354001268744,4,9.893736477941275
pruned,1786,P_to_R,240988,,bounded_symbolic,8,6,6,True,0.2949375547468662,2,9.893736477941275
pruned,1786,P_to_R,255871,,bounded_symbolic,40,35,40,False,3.0004899967461824,3,9.893736477941275
pruned,1786,P_to_R,568248,,bounded_symbolic,39,37,37,True,0.6844904227182269,4,9.893736477941275
pruned,1786,P_to_R,30683,,bounded_symbolic,5,3,3,True,0.2745609823614359,1,9.893736477941275
pruned,1786,P_to_R,226325,,bounded_symbolic,43,41,41,True,2.496464578434825,4,9.893736477941275
pruned,1786,P_to_R,457996,,bounded_symbolic,8,6,6,True,0.277990504167974,3,9.893736477941275
pruned,1786,P_to_R,243708,,bounded_symbolic,41,31,41,False,3.001763377338648,2,9.893736477941275
pruned,1786,P_to_R,490969,,bounded_symbolic,42,20,42,False,3.0016871821135283,1,9.893736477941275
pruned,1786,P_to_R,304562,,bounded_symbolic,5,3,3,True,0.2925779800862074,1,9.893736477941275
pruned,1786,P_to_R,10397,,bounded_symbolic,8,6,6,True,0.6432843105867505,1,9.893736477941275
pruned,1786,P_to_R,196382,,bounded_symbolic,29,27,27,True,1.8114858465269208,4,9.893736477941275
pruned,1786,P_to_R,465497,,bounded_symbolic,5,3,3,True,0.2631165850907564,1,9.893736477941275
pruned,44,P_to_R,211792,,bounded_symbolic,4,4,4,True,0.11331996414810419,1,4.151731858029962
pruned,44,P_to_R,144284,,bounded_symbolic,4,4,4,True,0.1602066233754158,1,4.151731858029962
pruned,44,P_to_R,87754,,bounded_symbolic,6,4,4,True,0.08182393107563257,2,4.151731858029962
pruned,44,P_to_R,89352,,bounded_symbolic,6,4,4,True,0.08590774890035391,1,4.151731858029962
pruned,44,P_to_R,92922,,bounded_symbolic,6,4,4,True,0.15330157615244389,2,4.151731858029962
pruned,44,P_to_R,41059,,bounded_symbolic,8,8,8,True,0.15248337294906378,1,4.151731858029962
pruned,44,P_to_R,93363,,bounded_symbolic,8,6,6,True,0.10539914295077324,2,4.151731858029962
pruned,44,P_to_R,258707,,bounded_symbolic,8,6,6,True,0.19486034009605646,2,4.151731858029962
pruned,44,P_to_R,257677,,bounded_symbolic,29,27,27,True,0.16870385594666004,3,4.151731858029962
pruned,44,P_to_R,47821,,bounded_symbolic,30,28,28,True,0.15240846201777458,3,4.151731858029962
pruned,44,P_to_R,10752,,bounded_symbolic,35,35,35,True,0.18992748204618692,4,4.151731858029962
pruned,44,P_to_R,113108,,bounded_symbolic,36,34,34,True,0.21331726387143135,4,4.151731858029962
pruned,44,P_to_R,103582,,bounded_symbolic,37,35,35,True,0.2071390114724636,3,4.151731858029962
pruned,44,P_to_R,93247,,bounded_symbolic,26,26,26,True,0.14930749777704477,2,4.151731858029962
pruned,44,P_to_R,62884,,bounded_symbolic,30,30,30,True,0.15393365919589996,2,4.151731858029962
pruned,44,P_to_R,44531,,bounded_symbolic,36,36,36,True,0.2325578136369586,4,4.151731858029962
pruned,44,P_to_R,269653,,bounded_symbolic,26,26,26,True,0.24761248473078012,4,4.151731858029962
pruned,44,P_to_R,222397,,bounded_symbolic,28,26,26,True,0.13315349351614714,3,4.151731858029962
pruned,44,P_to_R,35813,,bounded_symbolic,30,28,28,True,0.157148870639503,3,4.151731858029962
pruned,44,P_to_R,239870,,bounded_symbolic,33,33,33,True,0.1683307820931077,3,4.151731858029962
pruned,44,P_to_R,171585,,bounded_symbolic,36,34,34,True,2.2069386756047606,4,4.151731858029962
pruned,44,P_to_R,13811,,bounded_symbolic,34,32,32,True,0.1940011503174901,3,4.151731858029962
pruned,44,P_to_R,12608,,bounded_symbolic,26,26,26,True,0.18057866115123034,3,4.151731858029962
pruned,44,P_to_R,39318,,bounded_symbolic,33,33,33,True,0.19014445319771767,3,4.151731858029962
pruned,44,P_to_R,92826,,bounded_symbolic,26,24,24,True,0.15487271454185247,3,4.151731858029962
pruned,44,P_to_R,97855,,bounded_symbolic,28,26,26,True,0.17126191966235638,3,4.151731858029962
pruned,44,P_to_R,202386,,bounded_symbolic,36,34,34,True,0.23855712544173002,4,4.151731858029962
pruned,44,P_to_R,244166,,bounded_symbolic,26,26,26,True,0.14984901901334524,2,4.151731858029962
pruned,44,P_to_R,10896,,bounded_symbolic,28,26,26,True,0.12338670808821917,3,4.151731858029962
pruned,44,P_to_R,229873,,bounded_symbolic,32,32,32,True,0.1562228137627244,3,4.151731858029962
pruned,44,P_to_R,86183,,bounded_symbolic,34,32,32,True,0.21240236796438694,3,4.151731858029962
pruned,44,P_to_R,260497,,bounded_symbolic,36,34,34,True,0.20730730053037405,4,4.151731858029962
pruned,44,R_to_P,293340,,bounded_symbolic,4,4,4,True,0.12572069093585014,0,6.103220535442233
pruned,44,R_to_P,110900,,bounded_symbolic,6,4,4,True,0.09474723786115646,1,6.103220535442233
pruned,44,R_to_P,110920,,bounded_symbolic,6,4,4,True,0.08432282134890556,1,6.103220535442233
pruned,44,R_to_P,114102,,bounded_symbolic,6,4,4,True,0.07004900462925434,1,6.103220535442233
pruned,44,R_to_P,70552,,bounded_symbolic,8,8,8,True,0.05800194852054119,0,6.103220535442233
pruned,44,R_to_P,112108,,bounded_symbolic,8,6,6,True,0.06967856734991074,1,6.103220535442233
pruned,44,R_to_P,129288,,bounded_symbolic,9,7,7,True,0.08061204571276903,1,6.103220535442233
pruned,44,R_to_P,70545,,bounded_symbolic,10,8,8,True,0.07504906877875328,1,6.103220535442233
pruned,44,R_to_P,86972,,bounded_symbolic,30,28,28,True,0.1353831198066473,2,6.103220535442233
pruned,44,R_to_P,22138,,bounded_symbolic,30,28,28,True,0.1834619240835309,2,6.103220535442233
pruned,44,R_to_P,214994,,bounded_symbolic,33,33,33,True,0.18466401658952236,0,6.103220535442233
pruned,44,R_to_P,193157,,bounded_symbolic,33,32,32,True,0.19806285854429007,1,6.103220535442233
pruned,44,R_to_P,179395,,bounded_symbolic,30,28,28,True,0.23941601440310478,2,6.103220535442233
pruned,44,R_to_P,110796,,bounded_symbolic,36,34,34,True,0.1681265141814947,1,6.103220535442233
pruned,44,R_to_P,79805,,bounded_symbolic,32,30,30,True,0.2016132790595293,2,6.103220535442233
pruned,44,R_to_P,67646,,bounded_symbolic,24,24,24,True,0.1864407630637288,0,6.103220535442233
pruned,44,R_to_P,319780,,bounded_symbolic,28,26,26,True,0.23189070355147123,2,6.103220535442233
pruned,44,R_to_P,26357,,bounded_symbolic,30,24,26,False,3.0903781224042177,1,6.103220535442233
pruned,44,R_to_P,25699,,bounded_symbolic,30,30,30,True,0.1859879633411765,1,6.103220535442233
pruned,44,R_to_P,71023,,bounded_symbolic,29,27,27,True,0.2512446027249098,2,6.103220535442233
pruned,44,R_to_P,177110,,bounded_symbolic,26,24,24,True,0.1714625470340252,1,6.103220535442233
pruned,44,R_to_P,186188,,bounded_symbolic,28,28,28,True,0.17340139858424664,0,6.103220535442233
pruned,44,R_to_P,379908,,bounded_symbolic,30,26,26,True,0.21866585966199636,2,6.103220535442233
pruned,44,R_to_P,23139,,bounded_symbolic,28,26,26,True,0.2350199380889535,2,6.103220535442233
pruned,44,R_to_P,163462,,bounded_symbolic,26,26,26,True,0.1867569126188755,1,6.103220535442233
pruned,44,R_to_P,319267,,bounded_symbolic,28,26,26,True,0.17020788975059986,2,6.103220535442233
pruned,44,R_to_P,177356,,bounded_symbolic,33,31,31,True,0.18344319518655539,1,6.103220535442233
pruned,44,R_to_P,336072,,bounded_symbolic,28,26,26,True,0.17198747489601374,2,6.103220535442233
pruned,44,R_to_P,216241,,bounded_symbolic,29,27,27,True,0.17209349758923054,1,6.103220535442233
pruned,44,R_to_P,6543,,bounded_symbolic,30,28,28,True,0.2270412603393197,2,6.103220535442233
pruned,44,R_to_P,128058,,bounded_symbolic,26,24,24,True,0.16985824052244425,1,6.103220535442233
pruned,44,R_to_P,321272,,bounded_symbolic,32,30,30,True,0.17978757619857788,2,6.103220535442233
pruned,865,P_to_R,76484,,bounded_symbolic,13,11,11,True,0.1034676842391491,1,2.6099005173891783
pruned,865,P_to_R,103416,,bounded_symbolic,13,11,11,True,0.07910572737455368,2,2.6099005173891783
pruned,865,P_to_R,80902,,bounded_symbolic,13,11,11,True,0.0760921398177743,2,2.6099005173891783
pruned,865,P_to_R,133607,,bounded_symbolic,13,13,13,True,0.08624064456671476,1,2.6099005173891783
pruned,865,P_to_R,135217,,bounded_symbolic,13,13,13,True,0.09627594240009785,1,2.6099005173891783
pruned,865,P_to_R,137021,,bounded_symbolic,13,13,13,True,0.11036591045558453,1,2.6099005173891783
pruned,865,P_to_R,65976,,bounded_symbolic,15,13,13,True,0.13370394986122847,2,2.6099005173891783
pruned,865,P_to_R,76904,,bounded_symbolic,15,13,13,True,0.08697857335209846,2,2.6099005173891783
pruned,865,P_to_R,26762,,bounded_symbolic,19,17,17,True,0.10984634421765804,3,2.6099005173891783
pruned,865,P_to_R,5785,,bounded_symbolic,25,23,23,True,0.14203741680830717,2,2.6099005173891783
pruned,865,P_to_R,64191,,bounded_symbolic,21,19,19,True,0.2039138823747635,2,2.6099005173891783
pruned,865,P_to_R,56023,,bounded_symbolic,27,25,25,True,0.41558590810745955,3,2.6099005173891783
pruned,865,P_to_R,50967,,bounded_symbolic,23,21,21,True,0.4571025241166353,3,2.6099005173891783
pruned,865,P_to_R,33378,,bounded_symbolic,17,15,15,True,0.14377106726169586,2,2.6099005173891783
pruned,865,P_to_R,25454,,bounded_symbolic,27,25,25,True,0.34786509722471237,3,2.6099005173891783
pruned,865,P_to_R,130434,,bounded_symbolic,31,29,29,True,0.7998463688418269,3,2.6099005173891783
pruned,865,P_to_R,22221,,bounded_symbolic,32,30,30,True,2.1574268834665418,2,2.6099005173891783
pruned,865,P_to_R,142515,,bounded_symbolic,19,17,17,True,0.11458761431276798,2,2.6099005173891783
pruned,865,P_to_R,102613,,bounded_symbolic,43,43,43,True,0.170218113809824,3,2.6099005173891783
pruned,865,P_to_R,9229,,bounded_symbolic,45,45,45,True,0.3052608147263527,3,2.6099005173891783
pruned,865,P_to_R,9164,,bounded_symbolic,45,45,45,True,0.33058074582368135,3,2.6099005173891783
pruned,865,P_to_R,22965,,bounded_symbolic,27,25,25,True,0.2762206671759486,3,2.6099005173891783
pruned,865,P_to_R,50331,,bounded_symbolic,32,30,30,True,0.388247930444777,3,2.6099005173891783
pruned,865,P_to_R,52669,,bounded_symbolic,23,21,21,True,0.24759795609861612,2,2.6099005173891783
pruned,865,P_to_R,121964,,bounded_symbolic,21,19,19,True,0.23778408765792847,2,2.6099005173891783
pruned,865,P_to_R,144838,,bounded_symbolic,17,15,15,True,0.11686800979077816,2,2.6099005173891783
pruned,865,P_to_R,5993,,bounded_symbolic,23,21,21,True,0.2779122218489647,3,2.6099005173891783
pruned,865,P_to_R,134155,,bounded_symbolic,17,15,15,True,0.12687111273407936,2,2.6099005173891783
pruned,865,P_to_R,46212,,bounded_symbolic,25,23,23,True,0.25772605184465647,3,2.6099005173891783
pruned,865,P_to_R,129466,,bounded_symbolic,23,21,21,True,0.18499146774411201,2,2.6099005173891783
pruned,865,P_to_R,99456,,bounded_symbolic,19,17,17,True,0.11611449997872114,2,2.6099005173891783
pruned,865,P_to_R,50390,,bounded_symbolic,30,28,28,True,0.3963745888322592,3,2.6099005173891783
profile,1786,P_to_R,137064,,bounded_symbolic,42,40,41,False,3.0011826073750854,5,9.245556600391865
