step_id,n_atoms,core_size,label,ts_file,n_imag,reaction_mode_freq,core_fraction,imag_core_freq,imag_core_fraction,error
Cyclobutane_JOC2023_updated_TS-CD1-3_step2,46,3,groundtruth,ts_groundtruth_01_reference_ts_01_TS-CD1-3.xyz,2,-291.496,0.8935851318944844,-291.496,0.8935851318944844,
Cyclobutane_JOC2023_updated_TS-CD_step1,46,4,groundtruth,ts_groundtruth_01_reference_ts_01_TS-CD.xyz,2,-294.7119,0.7595286319278218,-294.7119,0.7595286319278218,
Cyclobutane_JOC2023_updated_TS-D1D-3step3D-3,46,3,groundtruth,ts_groundtruth_01_reference_ts_01_TS-D1D-3.xyz,2,2027.9477,0.9924456083803385,-191.3195,0.9099081102676788,
Cyclobutane_JOC2023_updated_TS-D1G-3_step3G,46,3,groundtruth,ts_groundtruth_01_reference_ts_01_TS-D1G-3.xyz,2,-345.7002,0.9588819120923638,-345.7002,0.9588819120923638,
Jackie_TS_01,33,4,groundtruth,ts_groundtruth_01_reference_ts_01_TS_01.xyz,1,-322.5763,0.9201277955271565,-322.5763,0.9201277955271565,
Jackie_TS_02,23,4,groundtruth,ts_groundtruth_01_reference_ts_01_TS_02.xyz,2,-673.3442,0.8050719533058266,-673.3442,0.8050719533058266,
Jackie_TS_03,24,4,groundtruth,ts_groundtruth_01_reference_ts_01_TS_03.xyz,1,-401.4584,0.956565861579054,-401.4584,0.956565861579054,
Jackie_TS_04,61,8,groundtruth,ts_groundtruth_01_reference_ts_01_TS_04.xyz,1,-974.1001,0.818087318087318,-974.1001,0.818087318087318,
Jackie_TS_05,35,4,groundtruth,ts_groundtruth_01_reference_ts_01_TS_05.xyz,1,-288.5858,0.9779470729751403,-288.5858,0.9779470729751403,
Jackie_TS_06,77,3,groundtruth,ts_groundtruth_01_reference_ts_01_TS_06.xyz,1,-269.7516,0.6813219829744617,-269.7516,0.6813219829744617,
Jackie_TS_07,53,3,groundtruth,ts_groundtruth_01_reference_ts_01_TS_07.xyz,1,-336.4959,0.8542673107890499,-336.4959,0.8542673107890499,
Jackie_TS_08,37,3,groundtruth,ts_groundtruth_01_reference_ts_01_TS_08.xyz,1,-346.6502,0.8204949806182288,-346.6502,0.8204949806182288,
Jackie_TS_09,65,3,groundtruth,ts_groundtruth_01_reference_ts_01_TS_09.xyz,1,1794.7431,0.7897630710786765,-153.935,0.5000996214385336,
Jackie_TS_10,56,8,groundtruth,ts_groundtruth_01_reference_ts_01_TS_10.xyz,1,1818.1719,0.7030778515389259,-462.2327,0.6693087187719473,
Jackie_TS_11,38,7,groundtruth,ts_groundtruth_01_reference_ts_01_TS_11.xyz,2,1664.4896,0.9007127798413814,-509.642,0.5192940472629375,
Jackie_TS_12,35,4,groundtruth,ts_groundtruth_01_reference_ts_01_TS_12.xyz,1,2033.1483,0.9186081391860814,-200.0354,0.7528337847326714,
Jackie_TS_13,33,4,groundtruth,ts_groundtruth_01_reference_ts_01_TS_13.xyz,1,2364.9882,0.9956131605184446,-494.7349,0.9397879575915182,
Jackie_TS_14,36,4,groundtruth,ts_groundtruth_01_reference_ts_01_TS_14.xyz,1,2575.2888,0.9945989197839569,-434.89,0.922547160395249,
Jackie_TS_15,57,4,groundtruth,ts_groundtruth_01_reference_ts_01_TS_15.xyz,1,1030.6808,0.7260683334993526,-159.5069,0.4564804636754273,
Jackie_TS_16,29,3,groundtruth,ts_groundtruth_01_reference_ts_01_TS_16.xyz,1,-208.9266,0.7678784266984505,-208.9266,0.7678784266984505,
Jackie_TS_17,44,4,groundtruth,ts_groundtruth_01_reference_ts_01_TS_17.xyz,2,1479.602,0.7289945597420914,-379.8896,0.7171717171717172,
Jackie_TS_18,37,3,groundtruth,ts_groundtruth_01_reference_ts_01_TS_18.xyz,1,1234.2224,0.6200260599378571,-410.2019,0.5089778312769585,
Jackie_TS_19,51,3,groundtruth,ts_groundtruth_01_reference_ts_01_TS_19.xyz,3,-257.1694,0.864452423698384,-257.1694,0.864452423698384,
Jackie_TS_20,51,4,groundtruth,ts_groundtruth_01_reference_ts_01_TS_20.xyz,1,-526.9041,0.9511445842830246,-526.9041,0.9511445842830246,
pr1.tempo_ts1,26,0,groundtruth,ts_groundtruth_01_reference_ts_01_TS1.xyz,1,,,,,
pr1.tempo_ts10,57,5,groundtruth,ts_groundtruth_01_reference_ts_01_TS10.xyz,2,2601.6704,0.9849124924562462,-183.8061,0.34876573807871514,
pr1.tempo_ts2,29,4,groundtruth,ts_groundtruth_01_reference_ts_01_TS2.xyz,1,2438.0404,0.9844564781387886,-108.7637,0.49493041749502975,
pr1.tempo_ts3,57,3,groundtruth,ts_groundtruth_01_reference_ts_01_TS3.xyz,1,-824.1619,0.9370741482965932,-824.1619,0.9370741482965932,
pr1.tempo_ts4,57,4,groundtruth,ts_groundtruth_01_reference_ts_01_TS4.xyz,1,2030.4793,0.9219815483353387,-85.5638,0.3399625873781628,
pr1.tempo_ts5,43,0,groundtruth,ts_groundtruth_01_reference_ts_01_TS5.xyz,1,,,,,
pr1.tempo_ts6,43,4,groundtruth,ts_groundtruth_01_reference_ts_01_TS6.xyz,1,2324.0595,0.9766696705717433,-97.9077,0.3926885608114894,
pr1.tempo_ts8,65,4,groundtruth,ts_groundtruth_01_reference_ts_01_TS8.xyz,1,-492.6042,0.7983151635282457,-492.6042,0.7983151635282457,
pr1.tempo_ts9,57,2,groundtruth,ts_groundtruth_01_reference_ts_01_TS9.xyz,1,384.0421,0.29142398071901987,-56.8503,0.26616691654172914,
pr10.carborane_ts1,74,4,groundtruth,ts_groundtruth_01_reference_ts_01_TS1.xyz,1,1302.2327,0.470028067361668,-89.0195,0.24116136677858982,
pr10.carborane_ts2,74,2,groundtruth,ts_groundtruth_01_reference_ts_01_TS2.xyz,1,1153.7341,0.3006756756756756,-136.8887,0.2975115392333935,
pr10.carborane_ts3,74,4,groundtruth,ts_groundtruth_01_reference_ts_01_TS3.xyz,1,1349.7649,0.648900933453779,-1102.178,0.25965406275140784,
pr11.cycloadditions_tsIIIa,64,3,groundtruth,ts_groundtruth_01_reference_ts_01_TS-IIIa.xyz,1,-150.43,0.5411164465786314,-150.43,0.5411164465786314,
pr11.cycloadditions_tsIIIb,64,3,groundtruth,ts_groundtruth_01_reference_ts_01_TS-IIIb.xyz,1,-165.5272,0.5184304399524375,-165.5272,0.5184304399524375,
pr11.cycloadditions_tsIIa,67,2,groundtruth,ts_groundtruth_01_reference_ts_01_TS-IIa.xyz,1,-22.5325,0.32891351672273894,-22.5325,0.32891351672273894,
pr11.cycloadditions_tsIIb,67,2,groundtruth,ts_groundtruth_01_reference_ts_01_TS-IIb.xyz,1,-207.6284,0.7855915934121451,-207.6284,0.7855915934121451,
pr11.cycloadditions_tsIVa,64,2,groundtruth,ts_groundtruth_01_reference_ts_01_TS-IVa.xyz,1,-95.752,0.4505516752707764,-95.752,0.4505516752707764,
pr11.cycloadditions_tsIVb,64,2,groundtruth,ts_groundtruth_01_reference_ts_01_TS-IVb.xyz,1,-133.8427,0.45145920190589633,-133.8427,0.45145920190589633,
pr11.cycloadditions_tsIa,67,3,groundtruth,ts_groundtruth_01_reference_ts_01_TS-Ia.xyz,1,1415.7604,0.6396513724704468,-149.5476,0.5283864541832669,
pr11.cycloadditions_tsIb,67,3,groundtruth,ts_groundtruth_01_reference_ts_01_TS-Ib.xyz,1,1427.5116,0.6926637818255007,-137.8753,0.4746562280437619,
pr12.Co_Silylation_JACS2015_TS_B-CStep1,123,4,groundtruth,ts_groundtruth_01_reference_ts_01_TS_B_to_C.xyz,6,1919.3215,0.9971106904453523,-44.1515,0.5317878818028057,
pr12.Co_Silylation_JACS2015_TS_C-DStep2,136,3,groundtruth,ts_groundtruth_01_reference_ts_01_TS_C_to_D.xyz,2,1471.1841,0.5529540699412174,-85.8799,0.4602107375815353,
pr12.Co_Silylation_JACS2015_TS_Dstar-Estar,149,3,groundtruth,ts_groundtruth_01_reference_ts_01_TS_Dstar_to_Estar.xyz,3,-221.7949,0.8158797417271993,-221.7949,0.8158797417271993,
pr13.Cyclobutane_JOC2023_TS-CD1-3_step2,46,3,groundtruth,ts_groundtruth_01_reference_ts_01_TS-CD1-3.xyz,2,-291.496,0.8935851318944844,-291.496,0.8935851318944844,
pr13.Cyclobutane_JOC2023_TS-CD_step1,46,4,groundtruth,ts_groundtruth_01_reference_ts_01_TS-CD.xyz,2,-294.7119,0.7595286319278218,-294.7119,0.7595286319278218,
pr13.Cyclobutane_JOC2023_TS-D1G-3_step3G,46,3,groundtruth,ts_groundtruth_01_reference_ts_01_TS-D1G-3.xyz,2,-345.7002,0.9588819120923638,-345.7002,0.9588819120923638,
pr13.Cyclobutane_JOC2023_multiplicity_fixed_TS-CD1-3_step2,46,3,groundtruth,ts_groundtruth_01_reference_ts_01_TS-CD1-3.xyz,2,-291.496,0.8935851318944844,-291.496,0.8935851318944844,
pr13.Cyclobutane_JOC2023_multiplicity_fixed_TS-D1G-3_step3G,46,3,groundtruth,ts_groundtruth_01_reference_ts_01_TS-D1G-3.xyz,2,-345.7002,0.9588819120923638,-345.7002,0.9588819120923638,
pr14.Pd_hydroamination_JOC2025_TS11_step1_reductive_coupling,133,5,groundtruth,ts_groundtruth_01_reference_ts_01_TS11.xyz,1,3347.6361,0.9991959798994975,-255.2919,0.8054070112893642,
pr14.Pd_hydroamination_JOC2025_TS12_step2_prot_oxidation,133,4,groundtruth,ts_groundtruth_01_reference_ts_01_TS12.xyz,2,-1177.2535,0.9172947442468095,-1177.2535,0.9172947442468095,
pr14.Pd_hydroamination_JOC2025_TS13_step3_bHelimination,133,4,groundtruth,ts_groundtruth_01_reference_ts_01_TS13.xyz,2,1629.7027,0.9811694747274531,-144.4339,0.7629422346592045,
pr14.Pd_hydroamination_JOC2025_TS14_step4_reductive_elimination,133,4,groundtruth,ts_groundtruth_01_reference_ts_01_TS14.xyz,1,-726.7531,0.9195413758723829,-726.7531,0.9195413758723829,
pr14.Pd_hydroamination_JOC2025_TS1_step1_OxidativeAdition_bluepath,90,3,groundtruth,ts_groundtruth_01_reference_ts_01_TS1.xyz,1,-828.4175,0.9725560897435896,-828.4175,0.9725560897435896,
pr14.Pd_hydroamination_JOC2025_TS2_step1_OxidativeAdition_blackpath,90,3,groundtruth,ts_groundtruth_01_reference_ts_01_TS2.xyz,1,-517.9022,0.740618101545254,-517.9022,0.740618101545254,
pr14.Pd_hydroamination_JOC2025_TS3_step2_alkene_inserion,105,5,groundtruth,ts_groundtruth_01_reference_ts_01_TS3.xyz,1,1674.5308,0.9759036144578312,-355.4492,0.5320088300220749,
pr15.Fe_crosscoupling_ACScat2023_TS-a_step1_halogen_abstraction_mult1,83,3,groundtruth,ts_groundtruth_01_reference_ts_01_TS-a_mult1_1TS-a.xyz,1,1288.966,0.3917650620647895,-64.2713,0.3714941610939216,
pr15.Fe_crosscoupling_ACScat2023_TS-a_step1_halogen_abstraction_mult3,83,3,groundtruth,ts_groundtruth_01_reference_ts_01_TS-a_mult3_3TS-a.xyz,1,-74.6759,0.5605044540086077,-74.6759,0.5605044540086077,
pr15.Fe_crosscoupling_ACScat2023_TS-a_step1_halogen_abstraction_mult5,83,3,groundtruth,ts_groundtruth_01_reference_ts_01_TS-a_mult5_5TS-a.xyz,2,-96.328,0.5806355214662817,-96.328,0.5806355214662817,
pr15.Fe_crosscoupling_ACScat2023_TS-b_step2_radical_recombination_mult2,72,2,groundtruth,ts_groundtruth_01_reference_ts_01_TS-b_mult2_2TS-b.xyz,1,1311.9992,0.4715334259075581,-84.2339,0.4541077339753235,
pr15.Fe_crosscoupling_ACScat2023_TS-b_step2_radical_recombination_mult4,72,2,groundtruth,ts_groundtruth_01_reference_ts_01_TS-b_mult4_4TS-b.xyz,2,1310.1379,0.4697329376854599,-91.8117,0.4233706973514531,
pr15.Fe_crosscoupling_ACScat2023_TS-b_step2_radical_recombination_mult6,72,2,groundtruth,ts_groundtruth_01_reference_ts_01_TS-b_mult6_6TS-b.xyz,1,-72.63,0.6646012392564461,-72.63,0.6646012392564461,
pr15.Fe_crosscoupling_ACScat2023_TS-c_step3_reductive_elimination_mult2,72,3,groundtruth,ts_groundtruth_01_reference_ts_01_TS-c_mult2_2TS-c.xyz,1,-296.1722,0.6924845092944235,-296.1722,0.6924845092944235,
pr15.Fe_crosscoupling_ACScat2023_TS-c_step3_reductive_elimination_mult4,72,3,groundtruth,ts_groundtruth_01_reference_ts_01_TS-c_mult4_4TS-c.xyz,1,-279.4015,0.7163403915301638,-279.4015,0.7163403915301638,
pr15.Fe_crosscoupling_ACScat2023_TS-c_step3_reductive_elimination_mult6,72,3,groundtruth,ts_groundtruth_01_reference_ts_01_TS-c_mult6_6TS-c.xyz,1,-347.7829,0.8316562688669753,-347.7829,0.8316562688669753,
pr15.Fe_crosscoupling_ACScat2023_TS2_Step3_bluepath_side_reation_mult2,70,3,groundtruth,ts_groundtruth_01_reference_ts_01_TS2_mult2_2TS2.xyz,4,-400.3934,0.7885322468448773,-400.3934,0.7885322468448773,
pr15.Fe_crosscoupling_ACScat2023_TS2_Step3_bluepath_side_reation_mult4,70,3,groundtruth,ts_groundtruth_01_reference_ts_01_TS2_mult4_4TS2.xyz,1,-319.9619,0.7083457674326072,-319.9619,0.7083457674326072,
pr15.Fe_crosscoupling_ACScat2023_TS2_Step3_bluepath_side_reation_mult6,70,3,groundtruth,ts_groundtruth_01_reference_ts_01_TS2_mult6_6TS2.xyz,1,-215.4007,0.5596321103668899,-215.4007,0.5596321103668899,
pr15.Fe_crosscoupling_ACScat2023_TS2_prime_step2_redPath_mult1,83,3,groundtruth,ts_groundtruth_01_reference_ts_01_TS2_prime_mult1_1TS2prime.xyz,1,-429.0533,0.8790113613713377,-429.0533,0.8790113613713377,
pr15.Fe_crosscoupling_ACScat2023_TS2_prime_step2_redPath_mult3,83,3,groundtruth,ts_groundtruth_01_reference_ts_01_TS2_prime_mult3_3TS2prime.xyz,1,-397.1576,0.8636003172085651,-397.1576,0.8636003172085651,
pr15.Fe_crosscoupling_ACScat2023_TS2_prime_step2_redPath_mult5,83,3,groundtruth,ts_groundtruth_01_reference_ts_01_TS2_prime_mult5_5TS2prime.xyz,1,-348.401,0.8434703930833417,-348.401,0.8434703930833417,
pr15.Fe_crosscoupling_ACScat2023_TS7_step1_radical_recombination_mult2,82,2,groundtruth,ts_groundtruth_01_reference_ts_01_TS7_mult2_2TS7.xyz,3,-155.0226,0.6449384199459298,-155.0226,0.6449384199459298,
pr15.Fe_crosscoupling_ACScat2023_TS7_step1_radical_recombination_mult4,82,2,groundtruth,ts_groundtruth_01_reference_ts_01_TS7_mult4_4TS7.xyz,1,-94.9977,0.5406487785342412,-94.9977,0.5406487785342412,
pr15.Fe_crosscoupling_ACScat2023_TS7_step1_radical_recombination_mult6,82,3,groundtruth,ts_groundtruth_01_reference_ts_01_TS7_mult6_6TS7.xyz,1,-103.1874,0.7812343201204216,-103.1874,0.7812343201204216,
pr15.Fe_crosscoupling_ACScat2023_TS8_step2_reductive_elimination_mult2,82,3,groundtruth,ts_groundtruth_01_reference_ts_01_TS8_mult2_2TS8.xyz,2,460.3192,0.40319822991048987,-278.2963,0.3469795307039441,
pr15.Fe_crosscoupling_ACScat2023_TS8_step2_reductive_elimination_mult4,82,3,groundtruth,ts_groundtruth_01_reference_ts_01_TS8_mult4_4TS8.xyz,2,-301.528,0.7289035878933653,-301.528,0.7289035878933653,
pr15.Fe_crosscoupling_ACScat2023_TS8_step2_reductive_elimination_mult6,82,4,groundtruth,ts_groundtruth_01_reference_ts_01_TS8_mult6_6TS8.xyz,1,-343.0586,0.45001999200319875,-343.0586,0.45001999200319875,
pr15.Fe_crosscoupling_ACScat2023_multiplicity_fixed_TS-a_step1_halogen_abstraction_mult1,83,3,groundtruth,ts_groundtruth_01_reference_ts_01_TS-a_mult1_1TS-a.xyz,1,1288.966,0.3917650620647895,-64.2713,0.3714941610939216,
pr15.Fe_crosscoupling_ACScat2023_multiplicity_fixed_TS-a_step1_halogen_abstraction_mult3,83,3,groundtruth,ts_groundtruth_01_reference_ts_01_TS-a_mult3_3TS-a.xyz,1,-74.6759,0.5605044540086077,-74.6759,0.5605044540086077,
pr15.Fe_crosscoupling_ACScat2023_multiplicity_fixed_TS-a_step1_halogen_abstraction_mult5,83,3,groundtruth,ts_groundtruth_01_reference_ts_01_TS-a_mult5_5TS-a.xyz,2,-96.328,0.5806355214662817,-96.328,0.5806355214662817,
pr15.Fe_crosscoupling_ACScat2023_multiplicity_fixed_TS-b_step2_radical_recombination_mult2,72,2,groundtruth,ts_groundtruth_01_reference_ts_01_TS-b_mult2_2TS-b.xyz,1,1311.9992,0.4715334259075581,-84.2339,0.4541077339753235,
pr15.Fe_crosscoupling_ACScat2023_multiplicity_fixed_TS-b_step2_radical_recombination_mult4,72,2,groundtruth,ts_groundtruth_01_reference_ts_01_TS-b_mult4_4TS-b.xyz,2,1310.1379,0.4697329376854599,-91.8117,0.4233706973514531,
pr15.Fe_crosscoupling_ACScat2023_multiplicity_fixed_TS-b_step2_radical_recombination_mult6,72,2,groundtruth,ts_groundtruth_01_reference_ts_01_TS-b_mult6_6TS-b.xyz,1,-72.63,0.6646012392564461,-72.63,0.6646012392564461,
pr15.Fe_crosscoupling_ACScat2023_multiplicity_fixed_TS2_prime_step2_redPath_mult1,83,3,groundtruth,ts_groundtruth_01_reference_ts_01_TS2_prime_mult1_1TS2prime.xyz,1,-429.0533,0.8790113613713377,-429.0533,0.8790113613713377,
pr15.Fe_crosscoupling_ACScat2023_multiplicity_fixed_TS2_prime_step2_redPath_mult3,83,3,groundtruth,ts_groundtruth_01_reference_ts_01_TS2_prime_mult3_3TS2prime.xyz,1,-397.1576,0.8636003172085651,-397.1576,0.8636003172085651,
pr15.Fe_crosscoupling_ACScat2023_multiplicity_fixed_TS2_prime_step2_redPath_mult5,83,3,groundtruth,ts_groundtruth_01_reference_ts_01_TS2_prime_mult5_5TS2prime.xyz,1,-348.401,0.8434703930833417,-348.401,0.8434703930833417,
pr15.Fe_crosscoupling_ACScat2023_multiplicity_fixed_TS7_step1_radical_recombination_mult2,82,2,groundtruth,ts_groundtruth_01_reference_ts_01_TS7_mult2_2TS7.xyz,3,-155.0226,0.6449384199459298,-155.0226,0.6449384199459298,
pr15.Fe_crosscoupling_ACScat2023_multiplicity_fixed_TS7_step1_radical_recombination_mult4,82,2,groundtruth,ts_groundtruth_01_reference_ts_01_TS7_mult4_4TS7.xyz,1,-94.9977,0.5406487785342412,-94.9977,0.5406487785342412,
pr15.Fe_crosscoupling_ACScat2023_multiplicity_fixed_TS7_step1_radical_recombination_mult6,82,3,groundtruth,ts_groundtruth_01_reference_ts_01_TS7_mult6_6TS7.xyz,1,-103.1874,0.7812343201204216,-103.1874,0.7812343201204216,
pr16.carbocation_ts11,18,3,groundtruth,ts_groundtruth_01_reference_ts_01_ts11.xyz,1,1841.3685,0.9943848390654768,-867.0498,0.9767465169890748,
pr16.carbocation_ts12,18,4,groundtruth,ts_groundtruth_01_reference_ts_01_ts12.xyz,1,2540.1809,0.998802753666567,-707.2229,0.1291321282332967,
pr16.carbocation_ts2,18,0,groundtruth,ts_groundtruth_01_reference_ts_01_ts2.xyz,0,,,,,
pr16.carbocation_ts3,18,2,groundtruth,ts_groundtruth_01_reference_ts_01_ts3.xyz,1,-259.8605,0.8212897438453104,-259.8605,0.8212897438453104,
pr16.carbocation_ts4,18,0,groundtruth,ts_groundtruth_01_reference_ts_01_ts4.xyz,1,,,,,
pr16.carbocation_ts5,18,5,groundtruth,ts_groundtruth_01_reference_ts_01_ts5.xyz,1,1428.2652,0.8059940059940058,-390.2935,0.7990598119623924,
pr16.carbocation_ts7,18,4,groundtruth,ts_groundtruth_01_reference_ts_01_ts7.xyz,1,1694.7637,0.9956100967774122,-948.0121,0.9641794006747375,
pr16.carbocation_ts8,18,4,groundtruth,ts_groundtruth_01_reference_ts_01_ts8.xyz,1,1888.1249,0.9946290033817388,-666.1402,0.9620947630922692,
pr16.carbocation_ts9,18,3,groundtruth,ts_groundtruth_01_reference_ts_01_ts9.xyz,1,3029.8915,0.9891897353000607,-731.1972,0.29650755528870215,
pr17.carbene.ins_ts6a,135,3,groundtruth,ts_groundtruth_01_reference_ts_01_ts6a.xyz,1,-274.3105,0.5867595818815329,-274.3105,0.5867595818815329,
pr17.carbene.ins_ts8,137,4,groundtruth,ts_groundtruth_01_reference_ts_01_ts8.xyz,2,2174.8926,0.998204846913334,-541.8806,0.9673391929684381,
pr18.Au.alkyl_tsBC,86,4,groundtruth,ts_groundtruth_01_reference_ts_01_tsBC.xyz,1,-1273.359,0.9650895268580574,-1273.359,0.9650895268580574,
pr19.heck_ts1,54,4,groundtruth,ts_groundtruth_01_reference_ts_01_ts1_cis_in.xyz,2,-300.6581,0.7739567621920563,-300.6581,0.7739567621920563,
pr19.heck_ts9,54,3,groundtruth,ts_groundtruth_01_reference_ts_01_ts9.xyz,2,1706.2668,0.9464663776590382,-118.569,0.6360168640835173,
pr2.mbh_ts1,32,3,groundtruth,ts_groundtruth_01_reference_ts_01_TS1.xyz,0,407.9545,0.5849679743795037,,,
pr2.mbh_ts2,48,3,groundtruth,ts_groundtruth_01_reference_ts_01_TS2.xyz,1,-42.2869,0.677521528258933,-42.2869,0.677521528258933,
pr2.mbh_ts8,48,3,groundtruth,ts_groundtruth_01_reference_ts_01_TS8.xyz,0,1475.2689,0.5773435918202066,,,
pr3.Suzuki.Ni_ts11.TM,118,3,groundtruth,ts_groundtruth_01_reference_ts_01_TS11.xyz,1,-105.7744,0.5382925611582625,-105.7744,0.5382925611582625,
pr3.Suzuki.Ni_ts14.RE,98,3,groundtruth,ts_groundtruth_01_reference_ts_01_TS14.xyz,1,-373.8225,0.703033316757832,-373.8225,0.703033316757832,
pr3.Suzuki.Ni_ts7.OA,99,2,groundtruth,ts_groundtruth_01_reference_ts_01_TS7.xyz,1,167.4135,0.37728643216080404,-37.2669,0.06682625174546179,
pr4.Suzuki-Brcleavage_ts1.Br-cleavage-A,24,4,groundtruth,ts_groundtruth_01_reference_ts_01_5-sulf.xyz,1,-219.1233,0.8000799280647418,-219.1233,0.8000799280647418,
pr4.Suzuki-Brcleavage_ts1.Br-cleavage-B,24,0,groundtruth,ts_groundtruth_01_reference_ts_01_5-SN2.xyz,1,,,,,
pr4.Suzuki-Brcleavage_ts1.Br-cleavage-C,24,3,groundtruth,ts_groundtruth_01_reference_ts_01_5-conc2.xyz,1,-140.6383,0.6989215098861593,-140.6383,0.6989215098861593,
pr4.Suzuki-Brcleavage_ts1.Br-cleavage-D,24,3,groundtruth,ts_groundtruth_01_reference_ts_01_5-conc1.xyz,1,-250.9615,0.750934249065751,-250.9615,0.750934249065751,
pr4.Suzuki-Brcleavage_ts2.Br-cleavage-A,37,4,groundtruth,ts_groundtruth_01_reference_ts_01_8-sulf.xyz,1,-141.7771,0.7768159203980101,-141.7771,0.7768159203980101,
pr4.Suzuki-Brcleavage_ts2.Br-cleavage-B,37,4,groundtruth,ts_groundtruth_01_reference_ts_01_8-SN2.xyz,1,-278.3092,0.9027917252460336,-278.3092,0.9027917252460336,
pr4.Suzuki-Brcleavage_ts2.Br-cleavage-C,37,3,groundtruth,ts_groundtruth_01_reference_ts_01_8-conc1.xyz,1,-306.7718,0.7376307320997588,-306.7718,0.7376307320997588,
pr4.Suzuki-Brcleavage_ts2.Br-cleavage-D,37,3,groundtruth,ts_groundtruth_01_reference_ts_01_8-conc2.xyz,1,-233.0725,0.7820717131474105,-233.0725,0.7820717131474105,
pr5.Noyori_ts26,90,4,groundtruth,ts_groundtruth_01_reference_ts_01_ts17_thf.xyz,4,-708.1889,0.9667966796679668,-708.1889,0.9667966796679668,
pr5.Noyori_ts45,88,4,groundtruth,ts_groundtruth_01_reference_ts_01_ts48_thf.xyz,1,3277.9853,0.975822632423756,-1037.6965,0.007891319548496655,
pr5.Noyori_ts56,87,4,groundtruth,ts_groundtruth_01_reference_ts_01_ts57_thf.xyz,2,-561.7382,0.7353689567430026,-561.7382,0.7353689567430026,
pr5.Noyori_ts5H2,87,0,groundtruth,ts_groundtruth_01_reference_ts_01_ts5H2_thf.xyz,3,,,,,
pr5.Noyori_ts65,95,6,groundtruth,ts_groundtruth_01_reference_ts_01_ts75_acrol_thf.xyz,0,3294.5795,0.986913086913087,,,
pr6.AlNHCs_tsI,59,2,groundtruth,ts_groundtruth_01_reference_ts_01_ts21_lat_thf.xyz,1,-64.2262,0.42326980942828485,-64.2262,0.42326980942828485,
pr6.AlNHCs_tsII,59,2,groundtruth,ts_groundtruth_01_reference_ts_01_ts34_lat_thf.xyz,0,237.5781,0.39958448753462605,,,
pr7.V.dodh_ts1011-triplet,38,3,groundtruth,ts_groundtruth_01_reference_ts_01_ts10-11_triplet_benzene.xyz,3,-224.3539,0.7825052067836955,-224.3539,0.7825052067836955,
pr7.V.dodh_ts1015,38,2,groundtruth,ts_groundtruth_01_reference_ts_01_ts10-15_benzene.xyz,2,284.8421,0.434117763876477,-50.3272,0.3165246681196751,
pr7.V.dodh_ts1112-triplet,38,3,groundtruth,ts_groundtruth_01_reference_ts_01_ts11-12_triplet_benzene.xyz,4,-466.5399,0.9626969878316376,-466.5399,0.9626969878316376,
pr7.V.dodh_ts13,31,2,groundtruth,ts_groundtruth_01_reference_ts_01_ts1-3_benzene.xyz,3,-93.841,0.5002993414488127,-93.841,0.5002993414488127,
pr7.V.dodh_ts1314,38,4,groundtruth,ts_groundtruth_01_reference_ts_01_ts13-14_b_benzene.xyz,3,-486.3889,0.9741041854862994,-486.3889,0.9741041854862994,
pr7.V.dodh_ts14,31,3,groundtruth,ts_groundtruth_01_reference_ts_01_ts1-4_benzene.xyz,3,454.6175,0.7810327706057598,-302.2691,0.7237903225806451,
pr7.V.dodh_ts141,32,2,groundtruth,ts_groundtruth_01_reference_ts_01_ts14-1_benzene.xyz,2,184.0569,0.3322391325972346,-53.8084,0.14480629419380542,
pr7.V.dodh_ts156,38,3,groundtruth,ts_groundtruth_01_reference_ts_01_ts15-6_benzene.xyz,2,-308.9754,0.8418185419968307,-308.9754,0.8418185419968307,
pr7.V.dodh_ts19,28,4,groundtruth,ts_groundtruth_01_reference_ts_01_ts1-9_benzene.xyz,2,1864.0479,0.9811755281866426,-310.9928,0.864567716141929,
pr7.V.dodh_ts25-singlet,27,4,groundtruth,ts_groundtruth_01_reference_ts_01_ts2-5_benzene.xyz,4,-1672.6246,0.9773362619808306,-1672.6246,0.9773362619808306,
pr7.V.dodh_ts25-triplet,27,4,groundtruth,ts_groundtruth_01_reference_ts_01_ts2-5_triplet_benzene.xyz,2,3622.7195,1.0,-105.4883,0.24842421210605303,
pr7.V.dodh_ts32,31,4,groundtruth,ts_groundtruth_01_reference_ts_01_ts3-2_benzene.xyz,2,524.0523,0.8616339607529035,-296.6381,0.8076615323064613,
pr7.V.dodh_ts45-singlet,41,4,groundtruth,ts_groundtruth_01_reference_ts_01_ts4-5_benzene.xyz,6,562.7483,0.8280876494023903,-105.8808,0.2736789129340715,
pr7.V.dodh_ts45-triplet,41,4,groundtruth,ts_groundtruth_01_reference_ts_01_ts4-5_triplet_benzene.xyz,3,531.3818,0.8449101796407185,-101.5147,0.19696667331869888,
pr7.V.dodh_ts56-singlet,27,4,groundtruth,ts_groundtruth_01_reference_ts_01_ts5-6_benzene.xyz,4,-1157.3167,0.946822180488287,-1157.3167,0.946822180488287,
pr7.V.dodh_ts56-triplet,27,4,groundtruth,ts_groundtruth_01_reference_ts_01_ts5-6_triplet_benzene.xyz,2,-1111.174,0.9670076213397513,-1111.174,0.9670076213397513,
pr7.V.dodh_ts61,24,5,groundtruth,ts_groundtruth_01_reference_ts_01_ts6-1_benzene.xyz,1,-394.0012,0.9645531702446329,-394.0012,0.9645531702446329,
pr7.V.dodh_ts67,24,3,groundtruth,ts_groundtruth_01_reference_ts_01_ts6-7_triplet_benzene.xyz,1,-485.79,0.9610760741032717,-485.79,0.9610760741032717,
pr7.V.dodh_ts71,24,4,groundtruth,ts_groundtruth_01_reference_ts_01_ts7-1_triplet_benzene.xyz,2,-306.5065,0.9378801475720412,-306.5065,0.9378801475720412,
pr7.V.dodh_ts81,24,4,groundtruth,ts_groundtruth_01_reference_ts_01_ts8-1_benzene.xyz,1,-573.0223,0.9453734671125976,-573.0223,0.9453734671125976,
pr7.V.dodh_ts81-b,24,4,groundtruth,ts_groundtruth_01_reference_ts_01_ts8-1_b_benzene.xyz,1,-468.1989,0.9724421284697867,-468.1989,0.9724421284697867,
pr7.V.dodh_ts910,28,4,groundtruth,ts_groundtruth_01_reference_ts_01_ts9-10_benzene.xyz,1,3606.8142,0.9998009554140128,-906.0528,0.06609424920127797,
pr7.V.dodh_ts910-water,31,4,groundtruth,ts_groundtruth_01_reference_ts_01_ts9-10_w_benzene.xyz,2,3652.9639,0.9995049504950495,-23.873,0.306674684305472,
pr8.ketenes_ts1prime,63,2,groundtruth,ts_groundtruth_01_reference_ts_01_TS1_prime.xyz,2,-267.7763,0.7589996974891601,-267.7763,0.7589996974891601,
pr8.ketenes_ts2prime,63,4,groundtruth,ts_groundtruth_01_reference_ts_01_TS2_prime.xyz,2,-293.6979,0.7749350389766141,-293.6979,0.7749350389766141,
pr9.carbene.rearr_ts10,18,3,groundtruth,ts_groundtruth_01_reference_ts_01_TS-10.xyz,1,2017.0707,0.9872197991682726,-331.3666,0.8705741148229647,
pr9.carbene.rearr_ts11,60,4,groundtruth,ts_groundtruth_01_reference_ts_01_TS-11.xyz,7,2008.0323,0.9947047657108604,-500.9735,0.9139495463156845,
pr9.carbene.rearr_ts13a,24,3,groundtruth,ts_groundtruth_01_reference_ts_01_TS-13a.xyz,1,2030.4095,0.9833151256331316,-374.4131,0.8747736873868437,
pr9.carbene.rearr_ts33,60,12,groundtruth,ts_groundtruth_01_reference_ts_01_TS-33.xyz,1,1969.9244,0.9959199920390088,-135.3456,0.5872952853598015,
pr9.carbene.rearr_ts39-endo,40,3,groundtruth,ts_groundtruth_01_reference_ts_01_TS-39-endo.xyz,1,1646.2549,0.8850505050505051,-239.31,0.8442786069651742,
pr9.carbene.rearr_ts41a-endo,40,3,groundtruth,ts_groundtruth_01_reference_ts_01_TS-41a-endo.xyz,1,1481.3205,0.7493030665073677,-304.4329,0.40055660471126125,
pr9.carbene.rearr_ts42,60,3,groundtruth,ts_groundtruth_01_reference_ts_01_TS-42.xyz,5,1567.9843,0.8798795785248369,-288.4376,0.8148404993065187,
pr9.carbene.rearr_ts47a,40,4,groundtruth,ts_groundtruth_01_reference_ts_01_TS-47a.xyz,2,1817.2929,0.9811507936507936,-320.0905,0.8365480214754425,
