dataset,step_id,n_atoms,n_mapped,n_broken,n_formed,charge,multiplicity,broken_bonds,formed_bonds,mechanism,step
Benchmark,Cyclobutane_JOC2023_updated_TS-CD1-3_step2,46,46,1,1,0,3,1(C)-8(N),8(N)-42(N),Cyclobutane_JOC2023_updated,TS-CD1-3_step2
Benchmark,Cyclobutane_JOC2023_updated_TS-CD_step1,46,44,3,1,0,1,0(C)-8(N);1(C)-8(N);8(N)-42(N),44(N)-45(N),Cyclobutane_JOC2023_updated,TS-CD_step1
Benchmark,Cyclobutane_JOC2023_updated_TS-D1D-3step3D-3,46,44,2,1,0,3,0(C)-8(N);8(N)-42(N),44(N)-45(N),Cyclobutane_JOC2023_updated,TS-D1D-3step3D-3
Benchmark,Cyclobutane_JOC2023_updated_TS-D1G-3_step3G,46,46,1,1,0,3,8(N)-42(N),1(C)-42(N),Cyclobutane_JOC2023_updated,TS-D1G-3_step3G
Benchmark,pr1.tempo_ts1,26,26,0,0,0,1,,,pr1.tempo,ts1
Benchmark,pr1.tempo_ts10,57,57,2,2,0,1,0(I)-12(O);13(C)-15(H),12(O)-13(C);15(H)-27(N),pr1.tempo,ts10
Benchmark,pr1.tempo_ts2,29,29,1,2,0,1,22(O)-28(H),0(O)-10(I);26(O)-27(H),pr1.tempo,ts2
Benchmark,pr1.tempo_ts3,57,57,1,1,0,1,12(H)-49(O),12(H)-14(N),pr1.tempo,ts3
Benchmark,pr1.tempo_ts4,57,57,2,2,0,1,0(I)-13(O);54(O)-55(H),11(O)-25(I);55(O)-56(H),pr1.tempo,ts4
Benchmark,pr1.tempo_ts5,43,43,0,0,0,1,,,pr1.tempo,ts5
Benchmark,pr1.tempo_ts6,43,43,2,2,0,1,30(O)-41(I);33(O)-34(H),0(I)-13(O);40(O)-41(H),pr1.tempo,ts6
Benchmark,pr1.tempo_ts8,65,65,2,2,0,1,11(O)-12(C);19(O)-20(N),28(O)-29(N);61(C)-62(O),pr1.tempo,ts8
Benchmark,pr1.tempo_ts9,57,57,1,0,0,1,0(I)-28(O),,pr1.tempo,ts9
Benchmark,pr10.carborane_ts1,74,74,1,2,1,1,0(B)-52(C),0(B)-50(C);51(C)-52(C),pr10.carborane,ts1
Benchmark,pr10.carborane_ts2,74,74,1,0,1,1,49(C)-50(C),,pr10.carborane,ts2
Benchmark,pr10.carborane_ts3,74,74,2,2,1,1,0(B)-49(C);50(C)-51(C),0(B)-51(C);49(C)-50(C),pr10.carborane,ts3
Benchmark,pr11.cycloadditions_tsIIIa,64,64,1,1,0,1,1(C)-12(C),4(C)-34(N),pr11.cycloadditions,tsIIIa
Benchmark,pr11.cycloadditions_tsIIIb,64,64,1,1,0,1,1(C)-12(C),4(C)-34(N),pr11.cycloadditions,tsIIIb
Benchmark,pr11.cycloadditions_tsIIa,67,67,0,1,0,1,,12(C)-25(C),pr11.cycloadditions,tsIIa
Benchmark,pr11.cycloadditions_tsIIb,67,67,0,1,0,1,,12(C)-25(C),pr11.cycloadditions,tsIIb
Benchmark,pr11.cycloadditions_tsIVa,64,64,0,1,0,1,,6(C)-10(C),pr11.cycloadditions,tsIVa
Benchmark,pr11.cycloadditions_tsIVb,64,64,0,1,0,1,,6(C)-10(C),pr11.cycloadditions,tsIVb
Benchmark,pr11.cycloadditions_tsIa,67,67,1,1,0,1,4(C)-5(C),8(C)-38(N),pr11.cycloadditions,tsIa
Benchmark,pr11.cycloadditions_tsIb,67,67,1,1,0,1,4(C)-5(C),8(C)-38(N),pr11.cycloadditions,tsIb
Benchmark,pr12.Co_Silylation_JACS2015_TS_B-CStep1,123,123,1,2,-1,4,4(N)-6(N),0(Co)-18(N);20(N)-22(Si),pr12.Co_Silylation_JACS2015,TS_B-CStep1
Benchmark,pr12.Co_Silylation_JACS2015_TS_C-DStep2,136,136,1,1,-1,5,18(N)-20(N),87(Si)-134(N),pr12.Co_Silylation_JACS2015,TS_C-DStep2
Benchmark,pr12.Co_Silylation_JACS2015_TS_Dstar-Estar,149,149,1,1,-1,6,0(Co)-132(N),98(N)-100(Si),pr12.Co_Silylation_JACS2015,TS_Dstar-Estar
Benchmark,pr13.Cyclobutane_JOC2023_TS-CD1-3_step2,46,46,1,1,0,3,1(C)-8(N),8(N)-42(N),pr13.Cyclobutane_JOC2023,TS-CD1-3_step2
Benchmark,pr13.Cyclobutane_JOC2023_TS-CD_step1,46,44,3,1,0,1,0(C)-8(N);1(C)-8(N);8(N)-42(N),44(N)-45(N),pr13.Cyclobutane_JOC2023,TS-CD_step1
Benchmark,pr13.Cyclobutane_JOC2023_TS-D1G-3_step3G,46,46,1,1,0,3,8(N)-42(N),1(C)-42(N),pr13.Cyclobutane_JOC2023,TS-D1G-3_step3G
Benchmark,pr13.Cyclobutane_JOC2023_multiplicity_fixed_TS-CD1-3_step2,46,46,1,1,0,3,1(C)-8(N),8(N)-42(N),pr13.Cyclobutane_JOC2023_multiplicity_fixed,TS-CD1-3_step2
Benchmark,pr13.Cyclobutane_JOC2023_multiplicity_fixed_TS-D1G-3_step3G,46,46,1,1,0,3,8(N)-42(N),1(C)-42(N),pr13.Cyclobutane_JOC2023_multiplicity_fixed,TS-D1G-3_step3G
Benchmark,pr14.Pd_hydroamination_JOC2025_TS11_step1_reductive_coupling,133,133,2,2,0,1,89(Pd)-91(C);130(N)-132(H),87(O)-132(H);91(C)-130(N),pr14.Pd_hydroamination_JOC2025,TS11_step1_reductive_coupling
Benchmark,pr14.Pd_hydroamination_JOC2025_TS12_step2_prot_oxidation,133,133,2,1,0,1,86(O)-89(H);95(C)-97(C),97(C)-103(H),pr14.Pd_hydroamination_JOC2025,TS12_step2_prot_oxidation
Benchmark,pr14.Pd_hydroamination_JOC2025_TS13_step3_bHelimination,133,133,2,2,0,1,88(Pd)-95(C);92(C)-99(H),88(H)-89(Pd);92(C)-93(C),pr14.Pd_hydroamination_JOC2025,TS13_step3_bHelimination
Benchmark,pr14.Pd_hydroamination_JOC2025_TS14_step4_reductive_elimination,133,133,2,1,0,1,87(O)-89(Pd);88(H)-89(Pd),87(O)-88(H),pr14.Pd_hydroamination_JOC2025,TS14_step4_reductive_elimination
Benchmark,pr14.Pd_hydroamination_JOC2025_TS1_step1_OxidativeAdition_bluepath,90,90,1,1,0,1,77(O)-84(H),88(H)-89(Pd),pr14.Pd_hydroamination_JOC2025,TS1_step1_OxidativeAdition_bluepath
Benchmark,pr14.Pd_hydroamination_JOC2025_TS2_step1_OxidativeAdition_blackpath,90,90,1,1,0,1,77(O)-84(H),88(H)-89(Pd),pr14.Pd_hydroamination_JOC2025,TS2_step1_OxidativeAdition_blackpath
Benchmark,pr14.Pd_hydroamination_JOC2025_TS3_step2_alkene_inserion,105,105,2,3,0,1,88(H)-89(Pd);92(C)-93(C),89(Pd)-91(C);89(Pd)-93(C);95(C)-101(H),pr14.Pd_hydroamination_JOC2025,TS3_step2_alkene_inserion
Benchmark,pr15.Fe_crosscoupling_ACScat2023_TS-a_step1_halogen_abstraction_mult1,83,83,1,1,0,1,73(C)-75(Br),46(Fe)-58(Br),pr15.Fe_crosscoupling_ACScat2023,TS-a_step1_halogen_abstraction_mult1
Benchmark,pr15.Fe_crosscoupling_ACScat2023_TS-a_step1_halogen_abstraction_mult3,83,83,1,1,0,3,73(C)-75(Br),12(Fe)-37(Br),pr15.Fe_crosscoupling_ACScat2023,TS-a_step1_halogen_abstraction_mult3
Benchmark,pr15.Fe_crosscoupling_ACScat2023_TS-a_step1_halogen_abstraction_mult5,83,83,1,1,0,5,73(C)-75(Br),46(Fe)-58(Br),pr15.Fe_crosscoupling_ACScat2023,TS-a_step1_halogen_abstraction_mult5
Benchmark,pr15.Fe_crosscoupling_ACScat2023_TS-b_step2_radical_recombination_mult2,72,72,0,1,0,2,,16(Fe)-26(C),pr15.Fe_crosscoupling_ACScat2023,TS-b_step2_radical_recombination_mult2
Benchmark,pr15.Fe_crosscoupling_ACScat2023_TS-b_step2_radical_recombination_mult4,72,72,0,1,0,4,,16(Fe)-24(C),pr15.Fe_crosscoupling_ACScat2023,TS-b_step2_radical_recombination_mult4
Benchmark,pr15.Fe_crosscoupling_ACScat2023_TS-b_step2_radical_recombination_mult6,72,72,0,1,0,6,,16(Fe)-24(C),pr15.Fe_crosscoupling_ACScat2023,TS-b_step2_radical_recombination_mult6
Benchmark,pr15.Fe_crosscoupling_ACScat2023_TS-c_step3_reductive_elimination_mult2,72,72,2,1,0,2,16(Fe)-26(C);16(Fe)-28(C),59(C)-61(C),pr15.Fe_crosscoupling_ACScat2023,TS-c_step3_reductive_elimination_mult2
Benchmark,pr15.Fe_crosscoupling_ACScat2023_TS-c_step3_reductive_elimination_mult4,72,72,2,1,0,4,16(Fe)-24(C);16(Fe)-26(C),59(C)-61(C),pr15.Fe_crosscoupling_ACScat2023,TS-c_step3_reductive_elimination_mult4
Benchmark,pr15.Fe_crosscoupling_ACScat2023_TS-c_step3_reductive_elimination_mult6,72,72,2,1,0,6,16(Fe)-24(C);16(Fe)-26(C),59(C)-61(C),pr15.Fe_crosscoupling_ACScat2023,TS-c_step3_reductive_elimination_mult6
Benchmark,pr15.Fe_crosscoupling_ACScat2023_TS2_Step3_bluepath_side_reation_mult2,70,70,2,1,0,2,46(Fe)-47(C);46(Fe)-59(C),51(C)-59(C),pr15.Fe_crosscoupling_ACScat2023,TS2_Step3_bluepath_side_reation_mult2
Benchmark,pr15.Fe_crosscoupling_ACScat2023_TS2_Step3_bluepath_side_reation_mult4,70,70,2,1,0,4,12(Fe)-15(C);12(Fe)-26(C),51(C)-59(C),pr15.Fe_crosscoupling_ACScat2023,TS2_Step3_bluepath_side_reation_mult4
Benchmark,pr15.Fe_crosscoupling_ACScat2023_TS2_Step3_bluepath_side_reation_mult6,70,70,2,1,0,6,46(Fe)-47(C);46(Fe)-59(C),51(C)-59(C),pr15.Fe_crosscoupling_ACScat2023,TS2_Step3_bluepath_side_reation_mult6
Benchmark,pr15.Fe_crosscoupling_ACScat2023_TS2_prime_step2_redPath_mult1,83,83,1,1,0,1,46(Fe)-59(C),70(C)-72(C),pr15.Fe_crosscoupling_ACScat2023,TS2_prime_step2_redPath_mult1
Benchmark,pr15.Fe_crosscoupling_ACScat2023_TS2_prime_step2_redPath_mult3,83,83,1,1,0,3,12(Fe)-26(C),70(C)-72(C),pr15.Fe_crosscoupling_ACScat2023,TS2_prime_step2_redPath_mult3
Benchmark,pr15.Fe_crosscoupling_ACScat2023_TS2_prime_step2_redPath_mult5,83,83,1,1,0,5,46(Fe)-59(C),70(C)-72(C),pr15.Fe_crosscoupling_ACScat2023,TS2_prime_step2_redPath_mult5
Benchmark,pr15.Fe_crosscoupling_ACScat2023_TS7_step1_radical_recombination_mult2,82,82,0,1,0,2,,12(Fe)-37(C),pr15.Fe_crosscoupling_ACScat2023,TS7_step1_radical_recombination_mult2
Benchmark,pr15.Fe_crosscoupling_ACScat2023_TS7_step1_radical_recombination_mult4,82,82,0,1,0,4,,12(Fe)-37(C),pr15.Fe_crosscoupling_ACScat2023,TS7_step1_radical_recombination_mult4
Benchmark,pr15.Fe_crosscoupling_ACScat2023_TS7_step1_radical_recombination_mult6,82,82,1,1,0,6,10(P)-12(Fe),12(Fe)-37(C),pr15.Fe_crosscoupling_ACScat2023,TS7_step1_radical_recombination_mult6
Benchmark,pr15.Fe_crosscoupling_ACScat2023_TS8_step2_reductive_elimination_mult2,82,82,2,1,0,2,12(Fe)-26(C);12(Fe)-37(C),69(C)-71(C),pr15.Fe_crosscoupling_ACScat2023,TS8_step2_reductive_elimination_mult2
Benchmark,pr15.Fe_crosscoupling_ACScat2023_TS8_step2_reductive_elimination_mult4,82,82,2,1,0,4,12(Fe)-26(C);12(Fe)-37(C),69(C)-71(C),pr15.Fe_crosscoupling_ACScat2023,TS8_step2_reductive_elimination_mult4
Benchmark,pr15.Fe_crosscoupling_ACScat2023_TS8_step2_reductive_elimination_mult6,82,82,2,2,0,6,12(Fe)-26(C);12(Fe)-37(C),0(Fe)-1(P);69(C)-71(C),pr15.Fe_crosscoupling_ACScat2023,TS8_step2_reductive_elimination_mult6
Benchmark,pr15.Fe_crosscoupling_ACScat2023_multiplicity_fixed_TS-a_step1_halogen_abstraction_mult1,83,83,1,1,0,1,73(C)-75(Br),46(Fe)-58(Br),pr15.Fe_crosscoupling_ACScat2023_multiplicity_fixed,TS-a_step1_halogen_abstraction_mult1
Benchmark,pr15.Fe_crosscoupling_ACScat2023_multiplicity_fixed_TS-a_step1_halogen_abstraction_mult3,83,83,1,1,0,3,73(C)-75(Br),12(Fe)-37(Br),pr15.Fe_crosscoupling_ACScat2023_multiplicity_fixed,TS-a_step1_halogen_abstraction_mult3
Benchmark,pr15.Fe_crosscoupling_ACScat2023_multiplicity_fixed_TS-a_step1_halogen_abstraction_mult5,83,83,1,1,0,5,73(C)-75(Br),46(Fe)-58(Br),pr15.Fe_crosscoupling_ACScat2023_multiplicity_fixed,TS-a_step1_halogen_abstraction_mult5
Benchmark,pr15.Fe_crosscoupling_ACScat2023_multiplicity_fixed_TS-b_step2_radical_recombination_mult2,72,72,0,1,0,2,,16(Fe)-26(C),pr15.Fe_crosscoupling_ACScat2023_multiplicity_fixed,TS-b_step2_radical_recombination_mult2
Benchmark,pr15.Fe_crosscoupling_ACScat2023_multiplicity_fixed_TS-b_step2_radical_recombination_mult4,72,72,0,1,0,4,,16(Fe)-24(C),pr15.Fe_crosscoupling_ACScat2023_multiplicity_fixed,TS-b_step2_radical_recombination_mult4
Benchmark,pr15.Fe_crosscoupling_ACScat2023_multiplicity_fixed_TS-b_step2_radical_recombination_mult6,72,72,0,1,0,6,,16(Fe)-24(C),pr15.Fe_crosscoupling_ACScat2023_multiplicity_fixed,TS-b_step2_radical_recombination_mult6
Benchmark,pr15.Fe_crosscoupling_ACScat2023_multiplicity_fixed_TS2_prime_step2_redPath_mult1,83,83,1,1,0,1,46(Fe)-59(C),70(C)-72(C),pr15.Fe_crosscoupling_ACScat2023_multiplicity_fixed,TS2_prime_step2_redPath_mult1
Benchmark,pr15.Fe_crosscoupling_ACScat2023_multiplicity_fixed_TS2_prime_step2_redPath_mult3,83,83,1,1,0,3,12(Fe)-26(C),70(C)-72(C),pr15.Fe_crosscoupling_ACScat2023_multiplicity_fixed,TS2_prime_step2_redPath_mult3
Benchmark,pr15.Fe_crosscoupling_ACScat2023_multiplicity_fixed_TS2_prime_step2_redPath_mult5,83,83,1,1,0,5,46(Fe)-59(C),70(C)-72(C),pr15.Fe_crosscoupling_ACScat2023_multiplicity_fixed,TS2_prime_step2_redPath_mult5
Benchmark,pr15.Fe_crosscoupling_ACScat2023_multiplicity_fixed_TS7_step1_radical_recombination_mult2,82,82,0,1,0,2,,12(Fe)-37(C),pr15.Fe_crosscoupling_ACScat2023_multiplicity_fixed,TS7_step1_radical_recombination_mult2
Benchmark,pr15.Fe_crosscoupling_ACScat2023_multiplicity_fixed_TS7_step1_radical_recombination_mult4,82,82,0,1,0,4,,12(Fe)-37(C),pr15.Fe_crosscoupling_ACScat2023_multiplicity_fixed,TS7_step1_radical_recombination_mult4
Benchmark,pr15.Fe_crosscoupling_ACScat2023_multiplicity_fixed_TS7_step1_radical_recombination_mult6,82,82,1,1,0,6,10(P)-12(Fe),12(Fe)-37(C),pr15.Fe_crosscoupling_ACScat2023_multiplicity_fixed,TS7_step1_radical_recombination_mult6
Benchmark,pr16.carbocation_ts11,18,18,1,1,1,1,3(C)-10(H),2(C)-10(H),pr16.carbocation,ts11
Benchmark,pr16.carbocation_ts12,18,18,2,1,1,1,2(C)-10(H);12(C)-16(C),15(C)-17(H),pr16.carbocation,ts12
Benchmark,pr16.carbocation_ts2,18,18,0,0,1,1,,,pr16.carbocation,ts2
Benchmark,pr16.carbocation_ts3,18,18,0,1,1,1,,3(C)-9(C),pr16.carbocation,ts3
Benchmark,pr16.carbocation_ts4,18,18,0,0,1,1,,,pr16.carbocation,ts4
Benchmark,pr16.carbocation_ts5,18,18,3,1,1,1,0(C)-2(C);2(C)-6(C);8(C)-10(C),3(C)-12(C),pr16.carbocation,ts5
Benchmark,pr16.carbocation_ts7,18,18,1,2,1,1,4(C)-9(H),1(C)-2(C);14(C)-15(H),pr16.carbocation,ts7
Benchmark,pr16.carbocation_ts8,18,18,2,1,1,1,3(C)-10(H);12(C)-16(C),15(C)-17(H),pr16.carbocation,ts8
Benchmark,pr16.carbocation_ts9,18,18,1,1,1,1,14(C)-15(H),2(C)-11(H),pr16.carbocation,ts9
Benchmark,pr17.carbene.ins_ts6a,135,135,1,1,0,1,10(C)-22(Rh),82(C)-105(C),pr17.carbene.ins,ts6a
Benchmark,pr17.carbene.ins_ts8,137,135,2,2,0,1,10(C)-135(N);135(N)-136(N),10(C)-22(Rh);135(N)-136(N),pr17.carbene.ins,ts8
Benchmark,pr18.Au.alkyl_tsBC,86,86,2,1,1,1,21(C)-23(Au);64(C)-71(H),28(C)-29(H),pr18.Au.alkyl,tsBC
Benchmark,pr19.heck_ts1,54,54,2,2,0,1,2(C)-3(C);33(Pd)-34(C),2(C)-24(C);3(C)-45(Pd),pr19.heck,ts1
Benchmark,pr19.heck_ts9,54,54,1,1,0,1,5(C)-13(H),13(H)-45(Pd),pr19.heck,ts9
Benchmark,pr2.mbh_ts1,32,32,1,1,0,1,20(C)-21(C),5(C)-6(N),pr2.mbh,ts1
Benchmark,pr2.mbh_ts2,48,48,1,1,0,1,32(C)-47(O),14(C)-15(C),pr2.mbh,ts2
Benchmark,pr2.mbh_ts8,48,48,1,1,0,1,4(N)-20(C),0(C)-1(C),pr2.mbh,ts8
Benchmark,pr3.Suzuki.Ni_ts11.TM,118,118,1,1,-1,2,100(B)-101(C),19(Ni)-102(C),pr3.Suzuki.Ni,ts11.TM
Benchmark,pr3.Suzuki.Ni_ts14.RE,98,98,2,1,-1,2,0(Ni)-1(C);0(Ni)-83(C),0(C)-30(C),pr3.Suzuki.Ni,ts14.RE
Benchmark,pr3.Suzuki.Ni_ts7.OA,99,99,1,0,-1,2,17(C)-35(O),,pr3.Suzuki.Ni,ts7.OA
Benchmark,pr4.Suzuki-Brcleavage_ts1.Br-cleavage-A,24,24,1,1,0,1,2(C)-4(Br),1(S)-5(Pd),pr4.Suzuki-Brcleavage,ts1.Br-cleavage-A
Benchmark,pr4.Suzuki-Brcleavage_ts1.Br-cleavage-B,24,24,0,0,0,1,,,pr4.Suzuki-Brcleavage,ts1.Br-cleavage-B
Benchmark,pr4.Suzuki-Brcleavage_ts1.Br-cleavage-C,24,24,1,1,0,1,4(C)-11(Br),1(Pd)-3(C),pr4.Suzuki-Brcleavage,ts1.Br-cleavage-C
Benchmark,pr4.Suzuki-Brcleavage_ts1.Br-cleavage-D,24,24,1,1,0,1,2(Br)-3(C),1(Pd)-3(C),pr4.Suzuki-Brcleavage,ts1.Br-cleavage-D
Benchmark,pr4.Suzuki-Brcleavage_ts2.Br-cleavage-A,37,37,1,1,0,1,2(C)-4(Br),1(S)-5(Pd),pr4.Suzuki-Brcleavage,ts2.Br-cleavage-A
Benchmark,pr4.Suzuki-Brcleavage_ts2.Br-cleavage-B,37,37,1,2,0,1,3(C)-10(Br),1(O)-11(Pd);3(C)-11(Pd),pr4.Suzuki-Brcleavage,ts2.Br-cleavage-B
Benchmark,pr4.Suzuki-Brcleavage_ts2.Br-cleavage-C,37,37,1,1,0,1,1(Br)-2(C),2(C)-11(Pd),pr4.Suzuki-Brcleavage,ts2.Br-cleavage-C
Benchmark,pr4.Suzuki-Brcleavage_ts2.Br-cleavage-D,37,37,1,1,0,1,1(Br)-2(C),2(C)-11(Pd),pr4.Suzuki-Brcleavage,ts2.Br-cleavage-D
Benchmark,pr5.Noyori_ts26,90,88,1,2,0,1,86(H)-87(H),0(Ru)-2(H);87(O)-89(H),pr5.Noyori,ts26
Benchmark,pr5.Noyori_ts45,88,88,2,2,0,1,26(Ru)-46(O);30(N)-66(H),0(Ru)-10(N);85(O)-87(H),pr5.Noyori,ts45
Benchmark,pr5.Noyori_ts56,87,85,1,2,0,1,85(H)-86(H),0(Ru)-2(H);9(N)-46(H),pr5.Noyori,ts56
Benchmark,pr5.Noyori_ts5H2,87,87,0,0,0,1,,,pr5.Noyori,ts5H2
Benchmark,pr5.Noyori_ts65,95,93,3,2,0,1,0(Ru)-2(H);11(N)-45(H);88(C)-93(O),45(O)-52(H);46(C)-71(H),pr5.Noyori,ts65
Benchmark,pr6.AlNHCs_tsI,59,59,1,0,0,1,0(C)-7(Al),,pr6.AlNHCs,tsI
Benchmark,pr6.AlNHCs_tsII,59,59,0,1,0,1,,4(C)-9(Al),pr6.AlNHCs,tsII
Benchmark,pr7.V.dodh_ts1011-triplet,38,38,1,1,-1,3,0(V)-18(O),11(P)-19(O),pr7.V.dodh,ts1011-triplet
Benchmark,pr7.V.dodh_ts1015,38,38,0,1,-1,1,,12(V)-22(P),pr7.V.dodh,ts1015
Benchmark,pr7.V.dodh_ts1112-triplet,38,38,1,1,-1,3,17(C)-18(O),8(V)-19(O),pr7.V.dodh,ts1112-triplet
Benchmark,pr7.V.dodh_ts13,31,31,0,1,-1,1,,10(V)-15(P),pr7.V.dodh,ts13
Benchmark,pr7.V.dodh_ts1314,38,38,2,2,-1,1,8(V)-18(C);16(O)-17(C),10(V)-17(O);32(C)-33(C),pr7.V.dodh,ts1314
Benchmark,pr7.V.dodh_ts14,31,31,1,1,-1,1,0(V)-2(O),2(O)-18(P),pr7.V.dodh,ts14
Benchmark,pr7.V.dodh_ts141,32,32,0,1,-1,1,,0(V)-5(O),pr7.V.dodh,ts141
Benchmark,pr7.V.dodh_ts156,38,38,2,1,-1,1,12(V)-21(O);12(V)-22(P),24(O)-25(P),pr7.V.dodh,ts156
Benchmark,pr7.V.dodh_ts19,28,28,2,2,-1,1,0(V)-2(O);21(O)-22(H),8(V)-9(O);15(O)-27(H),pr7.V.dodh,ts19
Benchmark,pr7.V.dodh_ts25-singlet,27,27,2,2,-1,1,0(V)-2(O);20(O)-21(H),6(V)-14(O);7(O)-18(H),pr7.V.dodh,ts25-singlet
Benchmark,pr7.V.dodh_ts25-triplet,27,27,2,2,-1,3,0(V)-2(O);20(O)-21(H),6(V)-14(O);7(O)-18(H),pr7.V.dodh,ts25-triplet
Benchmark,pr7.V.dodh_ts32,31,31,2,2,-1,1,10(V)-13(O);10(V)-15(P),0(V)-1(O);17(O)-18(P),pr7.V.dodh,ts32
Benchmark,pr7.V.dodh_ts45-singlet,41,41,2,2,-1,1,0(V)-1(O);34(O)-35(H),6(V)-14(O);7(O)-18(H),pr7.V.dodh,ts45-singlet
Benchmark,pr7.V.dodh_ts45-triplet,41,41,2,2,-1,3,0(V)-1(O);34(O)-35(H),6(V)-14(O);7(O)-18(H),pr7.V.dodh,ts45-triplet
Benchmark,pr7.V.dodh_ts56-singlet,27,27,2,2,-1,1,7(O)-18(H);16(C)-17(O),12(O)-19(C);24(O)-26(H),pr7.V.dodh,ts56-singlet
Benchmark,pr7.V.dodh_ts56-triplet,27,27,2,2,-1,3,7(O)-18(H);16(C)-17(O),12(O)-19(C);24(O)-26(H),pr7.V.dodh,ts56-triplet
Benchmark,pr7.V.dodh_ts61,24,24,2,3,-1,1,12(O)-19(C);17(O)-18(C),0(V)-1(O);0(V)-2(O);18(C)-19(C),pr7.V.dodh,ts61
Benchmark,pr7.V.dodh_ts67,24,24,1,1,-1,3,17(O)-18(C),0(V)-15(O),pr7.V.dodh,ts67
Benchmark,pr7.V.dodh_ts71,24,24,1,2,-1,3,16(O)-17(C),0(V)-2(O);18(C)-19(C),pr7.V.dodh,ts71
Benchmark,pr7.V.dodh_ts81,24,24,2,2,-1,1,0(V)-21(C);1(O)-18(C),0(V)-2(O);18(C)-19(C),pr7.V.dodh,ts81
Benchmark,pr7.V.dodh_ts81-b,24,24,2,2,-1,1,6(V)-9(C);7(O)-8(C),0(V)-2(O);18(C)-19(C),pr7.V.dodh,ts81-b
Benchmark,pr7.V.dodh_ts910,28,28,2,2,-1,1,11(C)-12(O);15(O)-27(H),2(O)-20(C);25(O)-27(H),pr7.V.dodh,ts910
Benchmark,pr7.V.dodh_ts910-water,31,31,2,2,-1,1,11(C)-12(O);15(O)-27(H),11(C)-12(O);18(O)-22(H),pr7.V.dodh,ts910-water
Benchmark,pr8.ketenes_ts1prime,63,63,1,0,0,1,0(C)-2(C),,pr8.ketenes,ts1prime
Benchmark,pr8.ketenes_ts2prime,63,63,0,1,0,1,,0(C)-18(O),pr8.ketenes,ts2prime
Benchmark,pr9.carbene.rearr_ts10,18,18,1,2,0,1,2(C)-16(C),2(C)-16(C);16(C)-17(C),pr9.carbene.rearr,ts10
Benchmark,pr9.carbene.rearr_ts11,60,60,2,1,0,1,18(C)-22(C);21(C)-22(C),58(C)-59(O),pr9.carbene.rearr,ts11
Benchmark,pr9.carbene.rearr_ts13a,24,24,1,2,0,1,5(C)-22(C),3(C)-4(C);3(C)-12(C),pr9.carbene.rearr,ts13a
Benchmark,pr9.carbene.rearr_ts33,60,57,9,12,0,1,16(C)-17(C);20(C)-21(C);22(C)-23(O);24(C)-25(O);24(C)-26(O);27(C)-28(O);27(C)-29(O);38(C)-39(C);38(C)-40(C),16(C)-18(C);17(C)-21(C);18(C)-22(C);18(C)-24(C);21(C)-27(C);22(C)-23(O);24(C)-25(O);24(C)-26(O);27(C)-28(O);27(C)-29(O);38(C)-39(C);38(C)-40(C),pr9.carbene.rearr,ts33
Benchmark,pr9.carbene.rearr_ts39-endo,40,40,1,2,0,1,36(C)-38(C),6(C)-26(C);6(C)-27(C),pr9.carbene.rearr,ts39-endo
Benchmark,pr9.carbene.rearr_ts41a-endo,40,40,1,2,0,1,6(C)-38(C),5(C)-6(C);5(C)-36(C),pr9.carbene.rearr,ts41a-endo
Benchmark,pr9.carbene.rearr_ts42,60,60,1,2,0,1,2(C)-3(C),17(C)-20(C);17(C)-21(C),pr9.carbene.rearr,ts42
Benchmark,pr9.carbene.rearr_ts47a,40,40,2,2,0,1,3(C)-4(C);36(C)-38(C),6(C)-36(C);6(C)-38(C),pr9.carbene.rearr,ts47a
Jackie,Jackie_TS_01,33,33,1,2,0,1,4(C)-17(O),4(C)-5(I);15(S)-17(O),Jackie,TS_01
Jackie,Jackie_TS_02,23,23,2,2,0,1,1(C)-7(N);3(C)-6(N),1(C)-7(N);3(C)-6(N),Jackie,TS_02
Jackie,Jackie_TS_03,24,24,2,1,0,1,10(C)-13(C);19(C)-21(C),10(C)-21(C),Jackie,TS_03
Jackie,Jackie_TS_04,61,59,3,4,0,1,0(Pd)-9(C);6(O)-8(H);26(O)-27(H),0(Pd)-26(O);3(B)-6(O);4(O)-28(H);7(H)-9(C),Jackie,TS_04
Jackie,Jackie_TS_05,35,35,2,2,-1,1,0(C)-19(C);1(O)-2(O),0(C)-2(O);1(O)-19(C),Jackie,TS_05
Jackie,Jackie_TS_06,77,77,1,2,0,1,13(C)-28(O),2(Ni)-15(C);2(Ni)-28(O),Jackie,TS_06
Jackie,Jackie_TS_07,53,53,1,1,0,1,5(C)-12(C),12(C)-15(C),Jackie,TS_07
Jackie,Jackie_TS_08,37,37,2,1,1,1,6(Pt)-9(C);6(Pt)-11(C),9(C)-11(C),Jackie,TS_08
Jackie,Jackie_TS_09,65,65,1,1,0,1,9(C)-10(C),10(C)-14(N),Jackie,TS_09
Jackie,Jackie_TS_10,56,56,4,4,0,1,0(C)-1(C);29(C)-37(N);29(C)-38(C);45(C)-49(C),0(C)-37(N);1(C)-40(C);29(C)-38(C);45(C)-49(C),Jackie,TS_10
Jackie,Jackie_TS_11,38,38,4,5,0,1,1(C)-2(C);4(C)-10(C);9(C)-10(C);12(C)-13(C),0(C)-5(C);4(C)-10(C);7(C)-8(C);8(C)-9(C);9(C)-10(C),Jackie,TS_11
Jackie,Jackie_TS_12,35,35,2,2,0,1,0(Ti)-10(N);13(C)-14(C),0(Ti)-14(C);10(N)-13(C),Jackie,TS_12
Jackie,Jackie_TS_13,33,33,2,2,0,1,2(N)-24(C);20(H)-22(O),2(N)-20(H);21(O)-24(C),Jackie,TS_13
Jackie,Jackie_TS_14,36,36,2,2,0,1,2(N)-22(C);29(O)-35(H),2(N)-35(H);22(C)-29(O),Jackie,TS_14
Jackie,Jackie_TS_15,57,57,2,1,0,1,0(Si)-11(H);9(O)-10(P),0(Si)-9(O),Jackie,TS_15
Jackie,Jackie_TS_16,29,29,1,1,1,1,27(O)-28(Br),10(C)-28(Br),Jackie,TS_16
Jackie,Jackie_TS_17,44,44,1,2,0,1,27(C)-29(H),2(C)-27(C);28(O)-43(H),Jackie,TS_17
Jackie,Jackie_TS_18,37,37,1,1,0,1,27(C)-30(C),26(C)-29(C),Jackie,TS_18
Jackie,Jackie_TS_19,51,51,1,1,0,1,2(C)-3(C),3(C)-38(C),Jackie,TS_19
Jackie,Jackie_TS_20,51,51,2,2,0,1,0(P)-44(O);1(C)-43(C),0(P)-1(C);43(C)-44(O),Jackie,TS_20
