index,variant,verified_positive,scope,generator_only_outcome,source_eligible,search_exit,capped,search_seconds,warning,directory
19,archive,False,full checkpoint,not_recovered,9052,,True,,Negative generator-only verification is NOT proof of absence from assignment domains,/project/yunhengzou/coordinate_alignment/aam_benchmarks/golden_remaining_20260907/19_archive
19,opposite,False,full checkpoint,not_recovered,7600,0,True,72.33723287307657,Negative generator-only verification is NOT proof of absence from assignment domains,/project/yunhengzou/coordinate_alignment/aam_benchmarks/golden_remaining_20260907/19_opposite
19,cap2000,False,full checkpoint,unknown,,timeout,,,Negative generator-only verification is NOT proof of absence from assignment domains,/project/yunhengzou/coordinate_alignment/aam_benchmarks/golden_remaining_20260907/19_cap2000
576,archive,False,full checkpoint,not_recovered,3199,,True,,Negative generator-only verification is NOT proof of absence from assignment domains,/project/yunhengzou/coordinate_alignment/aam_benchmarks/golden_remaining_20260907/576_archive
576,opposite,True,full checkpoint,recovered,4988,0,True,16.383705334970728,Negative generator-only verification is NOT proof of absence from assignment domains,/project/yunhengzou/coordinate_alignment/aam_benchmarks/golden_remaining_20260907/576_opposite
576,cap2000,False,full checkpoint,not_recovered,19051,0,True,34.69653973914683,Negative generator-only verification is NOT proof of absence from assignment domains,/project/yunhengzou/coordinate_alignment/aam_benchmarks/golden_remaining_20260907/576_cap2000
590,archive,False,full checkpoint,not_recovered,15598,,True,,Negative generator-only verification is NOT proof of absence from assignment domains,/project/yunhengzou/coordinate_alignment/aam_benchmarks/golden_remaining_20260907/590_archive
590,opposite,False,full checkpoint,not_recovered,15684,0,True,131.09949647821486,Negative generator-only verification is NOT proof of absence from assignment domains,/project/yunhengzou/coordinate_alignment/aam_benchmarks/golden_remaining_20260907/590_opposite
590,cap2000,False,full checkpoint,unknown,,timeout,,,Negative generator-only verification is NOT proof of absence from assignment domains,/project/yunhengzou/coordinate_alignment/aam_benchmarks/golden_remaining_20260907/590_cap2000
602,archive,False,full checkpoint,not_recovered,2530,,True,,Negative generator-only verification is NOT proof of absence from assignment domains,/project/yunhengzou/coordinate_alignment/aam_benchmarks/golden_remaining_20260907/602_archive
602,opposite,True,full checkpoint,recovered,4337,0,True,12.715674970299006,Negative generator-only verification is NOT proof of absence from assignment domains,/project/yunhengzou/coordinate_alignment/aam_benchmarks/golden_remaining_20260907/602_opposite
602,cap2000,False,full checkpoint,not_recovered,2612,0,False,3.371346887201071,Negative generator-only verification is NOT proof of absence from assignment domains,/project/yunhengzou/coordinate_alignment/aam_benchmarks/golden_remaining_20260907/602_cap2000
603,archive,False,full checkpoint,not_recovered,4492,,True,,Negative generator-only verification is NOT proof of absence from assignment domains,/project/yunhengzou/coordinate_alignment/aam_benchmarks/golden_remaining_20260907/603_archive
603,opposite,True,full checkpoint,recovered,3910,0,True,24.087248507887125,Negative generator-only verification is NOT proof of absence from assignment domains,/project/yunhengzou/coordinate_alignment/aam_benchmarks/golden_remaining_20260907/603_opposite
603,cap2000,False,full checkpoint,not_recovered,34023,0,True,98.4780908273533,Negative generator-only verification is NOT proof of absence from assignment domains,/project/yunhengzou/coordinate_alignment/aam_benchmarks/golden_remaining_20260907/603_cap2000
737,archive,False,full checkpoint,not_recovered,13012,,True,,Negative generator-only verification is NOT proof of absence from assignment domains,/project/yunhengzou/coordinate_alignment/aam_benchmarks/golden_remaining_20260907/737_archive
737,opposite,True,full checkpoint,recovered,10952,0,True,54.379548344993964,Negative generator-only verification is NOT proof of absence from assignment domains,/project/yunhengzou/coordinate_alignment/aam_benchmarks/golden_remaining_20260907/737_opposite
737,cap2000,False,full checkpoint,unknown,,timeout,,,Negative generator-only verification is NOT proof of absence from assignment domains,/project/yunhengzou/coordinate_alignment/aam_benchmarks/golden_remaining_20260907/737_cap2000
775,archive,False,full checkpoint,not_recovered,7699,,True,,Negative generator-only verification is NOT proof of absence from assignment domains,/project/yunhengzou/coordinate_alignment/aam_benchmarks/golden_remaining_20260907/775_archive
775,opposite,True,full checkpoint,recovered,3150,0,True,8.755430109100416,Negative generator-only verification is NOT proof of absence from assignment domains,/project/yunhengzou/coordinate_alignment/aam_benchmarks/golden_remaining_20260907/775_opposite
775,cap2000,False,full checkpoint,not_recovered,94396,0,True,240.4335980946198,Negative generator-only verification is NOT proof of absence from assignment domains,/project/yunhengzou/coordinate_alignment/aam_benchmarks/golden_remaining_20260907/775_cap2000
780,archive,False,full checkpoint,not_recovered,14314,,True,,Negative generator-only verification is NOT proof of absence from assignment domains,/project/yunhengzou/coordinate_alignment/aam_benchmarks/golden_remaining_20260907/780_archive
780,opposite,True,full checkpoint,recovered,748,0,True,56.36422264482826,Negative generator-only verification is NOT proof of absence from assignment domains,/project/yunhengzou/coordinate_alignment/aam_benchmarks/golden_remaining_20260907/780_opposite
780,cap2000,False,full checkpoint,unknown,,timeout,,,Negative generator-only verification is NOT proof of absence from assignment domains,/project/yunhengzou/coordinate_alignment/aam_benchmarks/golden_remaining_20260907/780_cap2000
833,archive,False,full checkpoint,not_recovered,7516,,True,,Negative generator-only verification is NOT proof of absence from assignment domains,/project/yunhengzou/coordinate_alignment/aam_benchmarks/golden_remaining_20260907/833_archive
833,opposite,True,full checkpoint,recovered,10092,0,True,117.44424769934267,Negative generator-only verification is NOT proof of absence from assignment domains,/project/yunhengzou/coordinate_alignment/aam_benchmarks/golden_remaining_20260907/833_opposite
833,cap2000,False,full checkpoint,unknown,,timeout,,,Negative generator-only verification is NOT proof of absence from assignment domains,/project/yunhengzou/coordinate_alignment/aam_benchmarks/golden_remaining_20260907/833_cap2000
845,archive,False,full checkpoint,not_recovered,5553,,True,,Negative generator-only verification is NOT proof of absence from assignment domains,/project/yunhengzou/coordinate_alignment/aam_benchmarks/golden_remaining_20260907/845_archive
845,opposite,True,full checkpoint,recovered,4925,0,True,19.505208238959312,Negative generator-only verification is NOT proof of absence from assignment domains,/project/yunhengzou/coordinate_alignment/aam_benchmarks/golden_remaining_20260907/845_opposite
845,cap2000,False,full checkpoint,not_recovered,51690,0,True,148.72224819660187,Negative generator-only verification is NOT proof of absence from assignment domains,/project/yunhengzou/coordinate_alignment/aam_benchmarks/golden_remaining_20260907/845_cap2000
846,archive,False,full checkpoint,not_recovered,16831,,True,,Negative generator-only verification is NOT proof of absence from assignment domains,/project/yunhengzou/coordinate_alignment/aam_benchmarks/golden_remaining_20260907/846_archive
846,opposite,True,full checkpoint,recovered,5767,0,True,57.83160284347832,Negative generator-only verification is NOT proof of absence from assignment domains,/project/yunhengzou/coordinate_alignment/aam_benchmarks/golden_remaining_20260907/846_opposite
846,cap2000,False,full checkpoint,unknown,,timeout,,,Negative generator-only verification is NOT proof of absence from assignment domains,/project/yunhengzou/coordinate_alignment/aam_benchmarks/golden_remaining_20260907/846_cap2000
850,archive,False,full checkpoint,not_recovered,14177,,True,,Negative generator-only verification is NOT proof of absence from assignment domains,/project/yunhengzou/coordinate_alignment/aam_benchmarks/golden_remaining_20260907/850_archive
850,opposite,False,full checkpoint,not_recovered,0,0,True,143.09610493085347,Negative generator-only verification is NOT proof of absence from assignment domains,/project/yunhengzou/coordinate_alignment/aam_benchmarks/golden_remaining_20260907/850_opposite
850,cap2000,False,full checkpoint,unknown,,timeout,,,Negative generator-only verification is NOT proof of absence from assignment domains,/project/yunhengzou/coordinate_alignment/aam_benchmarks/golden_remaining_20260907/850_cap2000
867,archive,False,full checkpoint,not_recovered,3855,,True,,Negative generator-only verification is NOT proof of absence from assignment domains,/project/yunhengzou/coordinate_alignment/aam_benchmarks/golden_remaining_20260907/867_archive
867,opposite,True,full checkpoint,recovered,8467,0,True,35.83114153239876,Negative generator-only verification is NOT proof of absence from assignment domains,/project/yunhengzou/coordinate_alignment/aam_benchmarks/golden_remaining_20260907/867_opposite
867,cap2000,False,full checkpoint,not_recovered,37347,0,True,139.27278241794556,Negative generator-only verification is NOT proof of absence from assignment domains,/project/yunhengzou/coordinate_alignment/aam_benchmarks/golden_remaining_20260907/867_cap2000
871,archive,False,full checkpoint,not_recovered,11916,,True,,Negative generator-only verification is NOT proof of absence from assignment domains,/project/yunhengzou/coordinate_alignment/aam_benchmarks/golden_remaining_20260907/871_archive
871,opposite,False,full checkpoint,not_recovered,12450,0,True,69.65177989006042,Negative generator-only verification is NOT proof of absence from assignment domains,/project/yunhengzou/coordinate_alignment/aam_benchmarks/golden_remaining_20260907/871_opposite
871,cap2000,False,full checkpoint,unknown,,timeout,,,Negative generator-only verification is NOT proof of absence from assignment domains,/project/yunhengzou/coordinate_alignment/aam_benchmarks/golden_remaining_20260907/871_cap2000
964,archive,False,full checkpoint,not_recovered,8098,,True,,Negative generator-only verification is NOT proof of absence from assignment domains,/project/yunhengzou/coordinate_alignment/aam_benchmarks/golden_remaining_20260907/964_archive
964,opposite,True,full checkpoint,recovered,6097,0,True,18.780146661913022,Negative generator-only verification is NOT proof of absence from assignment domains,/project/yunhengzou/coordinate_alignment/aam_benchmarks/golden_remaining_20260907/964_opposite
964,cap2000,False,full checkpoint,not_recovered,63714,0,True,144.56707838200964,Negative generator-only verification is NOT proof of absence from assignment domains,/project/yunhengzou/coordinate_alignment/aam_benchmarks/golden_remaining_20260907/964_cap2000
986,archive,False,full checkpoint,not_recovered,620,,True,,Negative generator-only verification is NOT proof of absence from assignment domains,/project/yunhengzou/coordinate_alignment/aam_benchmarks/golden_remaining_20260907/986_archive
986,opposite,False,full checkpoint,not_recovered,117,0,False,3.0713589871302247,Negative generator-only verification is NOT proof of absence from assignment domains,/project/yunhengzou/coordinate_alignment/aam_benchmarks/golden_remaining_20260907/986_opposite
986,cap2000,False,full checkpoint,not_recovered,10120,0,True,28.487664026906714,Negative generator-only verification is NOT proof of absence from assignment domains,/project/yunhengzou/coordinate_alignment/aam_benchmarks/golden_remaining_20260907/986_cap2000
1228,archive,False,full checkpoint,not_recovered,5500,,True,,Negative generator-only verification is NOT proof of absence from assignment domains,/project/yunhengzou/coordinate_alignment/aam_benchmarks/golden_remaining_20260907/1228_archive
1228,opposite,False,full checkpoint,not_recovered,112,0,True,10.372108659008518,Negative generator-only verification is NOT proof of absence from assignment domains,/project/yunhengzou/coordinate_alignment/aam_benchmarks/golden_remaining_20260907/1228_opposite
1228,cap2000,False,full checkpoint,not_recovered,82825,0,True,241.68395205121487,Negative generator-only verification is NOT proof of absence from assignment domains,/project/yunhengzou/coordinate_alignment/aam_benchmarks/golden_remaining_20260907/1228_cap2000
1230,archive,False,full checkpoint,not_recovered,5623,,True,,Negative generator-only verification is NOT proof of absence from assignment domains,/project/yunhengzou/coordinate_alignment/aam_benchmarks/golden_remaining_20260907/1230_archive
1230,opposite,True,full checkpoint,recovered,154,0,True,11.947838565334678,Negative generator-only verification is NOT proof of absence from assignment domains,/project/yunhengzou/coordinate_alignment/aam_benchmarks/golden_remaining_20260907/1230_opposite
1230,cap2000,False,full checkpoint,not_recovered,62111,0,True,188.2442112597637,Negative generator-only verification is NOT proof of absence from assignment domains,/project/yunhengzou/coordinate_alignment/aam_benchmarks/golden_remaining_20260907/1230_cap2000
1285,archive,False,full checkpoint,not_recovered,412,,True,,Negative generator-only verification is NOT proof of absence from assignment domains,/project/yunhengzou/coordinate_alignment/aam_benchmarks/golden_remaining_20260907/1285_archive
1285,opposite,False,full checkpoint,not_recovered,128,0,False,0.5872935717925429,Negative generator-only verification is NOT proof of absence from assignment domains,/project/yunhengzou/coordinate_alignment/aam_benchmarks/golden_remaining_20260907/1285_opposite
1285,cap2000,False,full checkpoint,not_recovered,2312,0,True,7.131325971335173,Negative generator-only verification is NOT proof of absence from assignment domains,/project/yunhengzou/coordinate_alignment/aam_benchmarks/golden_remaining_20260907/1285_cap2000
1314,archive,False,full checkpoint,not_recovered,6908,,True,,Negative generator-only verification is NOT proof of absence from assignment domains,/project/yunhengzou/coordinate_alignment/aam_benchmarks/golden_remaining_20260907/1314_archive
1314,opposite,False,full checkpoint,not_recovered,450,0,True,12.623869139701128,Negative generator-only verification is NOT proof of absence from assignment domains,/project/yunhengzou/coordinate_alignment/aam_benchmarks/golden_remaining_20260907/1314_opposite
1314,cap2000,False,full checkpoint,not_recovered,23668,0,True,65.46003018971533,Negative generator-only verification is NOT proof of absence from assignment domains,/project/yunhengzou/coordinate_alignment/aam_benchmarks/golden_remaining_20260907/1314_cap2000
1380,archive,False,full checkpoint,not_recovered,14618,,True,,Negative generator-only verification is NOT proof of absence from assignment domains,/project/yunhengzou/coordinate_alignment/aam_benchmarks/golden_remaining_20260907/1380_archive
1380,opposite,True,full checkpoint,recovered,2212,0,True,13.925928820855916,Negative generator-only verification is NOT proof of absence from assignment domains,/project/yunhengzou/coordinate_alignment/aam_benchmarks/golden_remaining_20260907/1380_opposite
1380,cap2000,False,full checkpoint,unknown,,timeout,,,Negative generator-only verification is NOT proof of absence from assignment domains,/project/yunhengzou/coordinate_alignment/aam_benchmarks/golden_remaining_20260907/1380_cap2000
1400,archive,False,full checkpoint,not_recovered,5097,,True,,Negative generator-only verification is NOT proof of absence from assignment domains,/project/yunhengzou/coordinate_alignment/aam_benchmarks/golden_remaining_20260907/1400_archive
1400,opposite,True,full checkpoint,recovered,2118,0,True,9.274551559938118,Negative generator-only verification is NOT proof of absence from assignment domains,/project/yunhengzou/coordinate_alignment/aam_benchmarks/golden_remaining_20260907/1400_opposite
1400,cap2000,False,full checkpoint,not_recovered,33566,0,True,91.65439759660512,Negative generator-only verification is NOT proof of absence from assignment domains,/project/yunhengzou/coordinate_alignment/aam_benchmarks/golden_remaining_20260907/1400_cap2000
1739,archive,False,full checkpoint,not_recovered,417,,False,,Negative generator-only verification is NOT proof of absence from assignment domains,/project/yunhengzou/coordinate_alignment/aam_benchmarks/golden_remaining_20260907/1739_archive
1739,opposite,True,full checkpoint,recovered,50,0,True,3.814577092882246,Negative generator-only verification is NOT proof of absence from assignment domains,/project/yunhengzou/coordinate_alignment/aam_benchmarks/golden_remaining_20260907/1739_opposite
1817,archive,False,full checkpoint,not_recovered,1197,,False,,Negative generator-only verification is NOT proof of absence from assignment domains,/project/yunhengzou/coordinate_alignment/aam_benchmarks/golden_remaining_20260907/1817_archive
1817,opposite,True,full checkpoint,recovered,410,0,True,6.22074832697399,Negative generator-only verification is NOT proof of absence from assignment domains,/project/yunhengzou/coordinate_alignment/aam_benchmarks/golden_remaining_20260907/1817_opposite
44,archive,False,full checkpoint,unknown,9873,,True,,Negative generator-only verification is NOT proof of absence from assignment domains,/project/yunhengzou/coordinate_alignment/aam_benchmarks/golden_remaining_20260907/44_archive
865,archive,False,full checkpoint,not_recovered,7550,,True,,Negative generator-only verification is NOT proof of absence from assignment domains,/project/yunhengzou/coordinate_alignment/aam_benchmarks/golden_remaining_20260907/865_archive
1033,archive,False,full checkpoint,not_recovered,2452,,True,,Negative generator-only verification is NOT proof of absence from assignment domains,/project/yunhengzou/coordinate_alignment/aam_benchmarks/golden_remaining_20260907/1033_archive
1351,archive,False,full checkpoint,unknown,22784,,True,,Negative generator-only verification is NOT proof of absence from assignment domains,/project/yunhengzou/coordinate_alignment/aam_benchmarks/golden_remaining_20260907/1351_archive
1522,archive,False,full checkpoint,unknown,4062,,True,,Negative generator-only verification is NOT proof of absence from assignment domains,/project/yunhengzou/coordinate_alignment/aam_benchmarks/golden_remaining_20260907/1522_archive
1553,archive,False,full checkpoint,not_recovered,1967,,True,,Negative generator-only verification is NOT proof of absence from assignment domains,/project/yunhengzou/coordinate_alignment/aam_benchmarks/golden_remaining_20260907/1553_archive
1568,archive,False,full checkpoint,not_recovered,12140,,True,,Negative generator-only verification is NOT proof of absence from assignment domains,/project/yunhengzou/coordinate_alignment/aam_benchmarks/golden_remaining_20260907/1568_archive
1574,archive,False,full checkpoint,not_recovered,3259,,True,,Negative generator-only verification is NOT proof of absence from assignment domains,/project/yunhengzou/coordinate_alignment/aam_benchmarks/golden_remaining_20260907/1574_archive
1729,archive,False,full checkpoint,unknown,4532,,True,,Negative generator-only verification is NOT proof of absence from assignment domains,/project/yunhengzou/coordinate_alignment/aam_benchmarks/golden_remaining_20260907/1729_archive
1786,archive,False,full checkpoint,unknown,5038,,True,,Negative generator-only verification is NOT proof of absence from assignment domains,/project/yunhengzou/coordinate_alignment/aam_benchmarks/golden_remaining_20260907/1786_archive
1793,archive,False,full checkpoint,unknown,,,,,Negative generator-only verification is NOT proof of absence from assignment domains,/project/yunhengzou/coordinate_alignment/aam_benchmarks/golden_remaining_20260907/1793_archive
