dataset,index,direction,variant,mapping_cpu,mapping_wall,capped,best_representative_events,best_verified_events,full_representatives,target_score,target_status,recovery
holdout,101,R_to_P,original,0.7380758919999999,0.2479426059871912,False,4,4,34,4,excluded_from_saved_families,unknown
holdout,101,R_to_P,metal_binary,0.9976262389999999,0.2922839196398854,False,4,4,88,4,represented,unknown
holdout,11,R_to_P,original,5.363651836000001,1.1873104646801949,False,4,4,135,4,excluded_from_saved_families,unknown
holdout,11,R_to_P,metal_binary,5.408114658,1.1576584661379457,False,4,4,135,4,excluded_from_saved_families,unknown
holdout,64,R_to_P,original,0.6624321959999999,0.2217435110360384,False,4,4,20,4,excluded_from_saved_families,unknown
holdout,64,R_to_P,metal_binary,0.65849215,0.17972551379352808,False,4,4,20,4,excluded_from_saved_families,unknown
holdout,104,R_to_P,original,1.7225254180000003,0.46245803218334913,False,5,,758,,,unknown
holdout,104,R_to_P,metal_binary,1.060156802,0.2983847940340638,False,5,,190,,,unknown
holdout,0,R_to_P,original,0.6905130819999998,0.2302773967385292,False,0,,28,,,unknown
holdout,0,R_to_P,metal_binary,0.65011156,0.17706337664276361,False,0,,28,,,unknown
holdout,1,R_to_P,original,2.5629149109999996,0.5236752172932029,False,4,,160,,,unknown
holdout,1,R_to_P,metal_binary,2.5029875839999995,0.5201723650097847,False,4,,160,,,unknown
holdout,2,R_to_P,original,0.7859905310000002,0.2598510729148984,False,3,,101,,,unknown
holdout,2,R_to_P,metal_binary,0.7814957420000002,0.2215635934844613,False,3,,101,,,unknown
holdout,3,R_to_P,original,2.791217079,0.7275569066405296,False,2,,120,,,unknown
holdout,3,R_to_P,metal_binary,2.7602278669999993,0.537170996889472,False,2,,120,,,unknown
holdout,4,R_to_P,original,4.877219513,1.929883873090148,False,4,,1241,,,unknown
holdout,4,R_to_P,metal_binary,4.832534545,1.7738004997372627,False,4,,1241,,,unknown
holdout,5,R_to_P,original,1.1783885459999999,0.30846067890524864,False,0,,52,,,unknown
holdout,5,R_to_P,metal_binary,1.194038908,0.33251965045928955,False,0,,52,,,unknown
holdout,6,R_to_P,original,11.101718491,3.851247390732169,True,4,,6425,,,unknown
holdout,6,R_to_P,metal_binary,10.432665021,3.6006451519206166,True,4,,6425,,,unknown
holdout,7,R_to_P,original,5.423136174999999,2.3986060051247478,False,4,,1103,,,unknown
holdout,7,R_to_P,metal_binary,5.896539635,2.508274325169623,False,4,,1103,,,unknown
holdout,8,R_to_P,original,2.6315929,0.5257378434762359,False,1,,55,,,unknown
holdout,8,R_to_P,metal_binary,2.310173537,0.4636772433295846,False,1,,55,,,unknown
holdout,9,R_to_P,original,6.5754387329999995,1.1876802360638976,False,3,,194,,,unknown
holdout,9,R_to_P,metal_binary,7.055007259999999,1.2594631286337972,False,3,,194,,,unknown
holdout,10,R_to_P,original,5.804460634,1.2670456059277058,False,1,,218,,,unknown
holdout,10,R_to_P,metal_binary,5.425422074999999,1.2017113072797656,False,1,,218,,,unknown
holdout,12,R_to_P,original,2.525379132,0.5625997986644506,False,2,,116,,,unknown
holdout,12,R_to_P,metal_binary,2.4982495780000002,0.5648964904248714,False,2,,116,,,unknown
holdout,13,R_to_P,original,2.538830397,0.6532048741355538,False,2,,116,,,unknown
holdout,13,R_to_P,metal_binary,2.6013541719999997,0.6356265842914581,False,2,,116,,,unknown
holdout,14,R_to_P,original,2.0310694329999994,0.42846712097525597,False,1,,18,,,unknown
holdout,14,R_to_P,metal_binary,2.035923467,0.4299159348011017,False,1,,18,,,unknown
holdout,15,R_to_P,original,2.082085902,0.586357512511313,False,1,,21,,,unknown
holdout,15,R_to_P,metal_binary,2.175912441,0.5425771623849869,False,1,,21,,,unknown
holdout,16,R_to_P,original,2.2400624179999995,0.5275218170136213,False,1,,14,,,unknown
holdout,16,R_to_P,metal_binary,2.2085176059999996,0.5964143089950085,False,1,,14,,,unknown
holdout,17,R_to_P,original,2.253227727,0.6137152435258031,False,1,,16,,,unknown
holdout,17,R_to_P,metal_binary,2.2566299979999997,0.5392781347036362,False,1,,16,,,unknown
holdout,18,R_to_P,original,2.1307134519999997,0.537399803288281,False,2,,40,,,unknown
holdout,18,R_to_P,metal_binary,2.164312587,0.6007169289514422,False,2,,40,,,unknown
holdout,19,R_to_P,original,2.2049428779999998,0.6112990584224463,False,2,,40,,,unknown
holdout,19,R_to_P,metal_binary,2.1529229279999997,0.5420350544154644,False,2,,40,,,unknown
holdout,20,R_to_P,original,1.1585301969999997,0.33688127622008324,False,2,,30,,,unknown
holdout,20,R_to_P,metal_binary,1.1739785239999996,0.3951712120324373,False,2,,30,,,unknown
holdout,21,R_to_P,original,1.2886044389999998,0.44123072270303965,False,3,,21,,,unknown
holdout,21,R_to_P,metal_binary,1.2118411,0.32568083610385656,False,3,,21,,,unknown
holdout,22,R_to_P,original,1.0821014080000002,0.30106805078685284,False,2,,18,,,unknown
holdout,22,R_to_P,metal_binary,1.085663711,0.3934540180489421,False,2,,18,,,unknown
holdout,23,R_to_P,original,1.181872834,0.29610143043100834,False,2,,30,,,unknown
holdout,23,R_to_P,metal_binary,1.181654609,0.29500553384423256,False,2,,30,,,unknown
holdout,24,R_to_P,original,1.1398203849999995,0.27652457263320684,False,2,,18,,,unknown
holdout,24,R_to_P,metal_binary,1.100162597,0.2765936590731144,False,2,,18,,,unknown
holdout,25,R_to_P,original,237.48656807999998,50.00074247457087,True,4,,30007,,,unknown
holdout,25,R_to_P,metal_binary,119.956293708,22.465903661213815,True,4,,17822,,,unknown
holdout,26,R_to_P,original,33.343139017999995,7.3554515186697245,False,6,,1010,,,unknown
holdout,26,R_to_P,metal_binary,40.485827314999995,9.863499043509364,False,6,,1008,,,unknown
holdout,27,R_to_P,original,27.936541142000003,5.474517379887402,False,4,,208,,,unknown
holdout,27,R_to_P,metal_binary,33.20228356,7.036383253522217,False,4,,205,,,unknown
holdout,28,R_to_P,original,36.286482481,9.186832530423999,False,3,,1180,,,unknown
holdout,28,R_to_P,metal_binary,39.026324407000004,10.350946551188827,False,3,,1178,,,unknown
holdout,29,R_to_P,original,7.200237002,1.2061390755698085,False,3,,87,,,unknown
holdout,29,R_to_P,metal_binary,6.339459253999999,1.0608848370611668,False,3,,84,,,unknown
holdout,30,R_to_P,original,6.551072571999999,1.1072090081870556,False,3,,87,,,unknown
holdout,30,R_to_P,metal_binary,6.692697352000001,1.161309126764536,False,3,,84,,,unknown
holdout,31,R_to_P,original,14.807359527,3.010287767276168,False,5,,600,,,unknown
holdout,31,R_to_P,metal_binary,14.695665757999999,2.8909210162237287,False,5,,592,,,unknown
holdout,32,R_to_P,original,9.039633318000002,1.4339148625731468,False,4,,196,,,unknown
holdout,32,R_to_P,metal_binary,11.461069785000001,1.7427020706236362,False,4,,197,,,unknown
holdout,33,R_to_P,original,9.325694073,1.4729413874447346,False,2,,202,,,unknown
holdout,33,R_to_P,metal_binary,10.635173140999997,1.6229429813101888,False,2,,204,,,unknown
holdout,34,R_to_P,original,8.985876698,1.4351513972505927,False,2,,195,,,unknown
holdout,34,R_to_P,metal_binary,9.558322922,1.496492880396545,False,2,,196,,,unknown
holdout,35,R_to_P,original,5.893617581,1.017546035349369,False,1,,177,,,unknown
holdout,35,R_to_P,metal_binary,6.162717529,1.04978012945503,False,1,,175,,,unknown
holdout,36,R_to_P,original,7.989089892,3.013401792384684,False,1,,974,,,unknown
holdout,36,R_to_P,metal_binary,8.500447225,3.2055292995646596,False,1,,974,,,unknown
holdout,37,R_to_P,original,9.597607339,4.419449777342379,True,2,,1175,,,unknown
holdout,37,R_to_P,metal_binary,9.346039943000001,4.335298649035394,True,2,,1168,,,unknown
holdout,38,R_to_P,original,7.072792986,1.2934153620153666,False,5,,273,,,unknown
holdout,38,R_to_P,metal_binary,7.436734830000001,1.3784442245960236,False,5,,273,,,unknown
holdout,39,R_to_P,original,7.338057306999999,1.2201557587832212,False,3,,308,,,unknown
holdout,39,R_to_P,metal_binary,7.21553463,1.202833365648985,False,3,,308,,,unknown
holdout,40,R_to_P,original,6.867938265,1.1603661747649312,False,4,,290,,,unknown
holdout,40,R_to_P,metal_binary,7.022332751,1.1835905201733112,False,4,,290,,,unknown
holdout,41,R_to_P,original,6.388375501999999,1.1515686428174376,False,4,,245,,,unknown
holdout,41,R_to_P,metal_binary,6.155726138,1.0735189290717244,False,4,,245,,,unknown
holdout,42,R_to_P,original,6.929425191,1.2029707506299019,False,3,,270,,,unknown
holdout,42,R_to_P,metal_binary,6.946963906000001,1.1954537089914083,False,3,,271,,,unknown
holdout,43,R_to_P,original,6.085464706,1.0771377421915531,False,3,,244,,,unknown
holdout,43,R_to_P,metal_binary,6.1077390220000005,1.0513196848332882,False,3,,244,,,unknown
holdout,44,R_to_P,original,14.327410886000001,7.28937681671232,True,2,,1288,,,unknown
holdout,44,R_to_P,metal_binary,13.26520092,5.986846212297678,True,2,,1247,,,unknown
holdout,45,R_to_P,original,13.903864206000002,6.83709779381752,True,2,,1229,,,unknown
holdout,45,R_to_P,metal_binary,9.416127154000002,2.107209271751344,False,2,,268,,,unknown
holdout,46,R_to_P,original,8.606900373999999,1.38115927670151,False,3,,265,,,unknown
holdout,46,R_to_P,metal_binary,9.951971815,1.5414002053439617,False,3,,267,,,unknown
holdout,47,R_to_P,original,9.001797862,1.4260031003504992,False,2,,261,,,unknown
holdout,47,R_to_P,metal_binary,7.643533629,1.4455914422869682,False,2,,382,,,unknown
holdout,48,R_to_P,original,15.831789831,8.557870937511325,True,5,,1226,,,unknown
holdout,48,R_to_P,metal_binary,16.456496016000003,8.702451593242586,True,5,,1226,,,unknown
holdout,49,R_to_P,original,15.455222098,7.743668711744249,True,3,,1236,,,unknown
holdout,49,R_to_P,metal_binary,15.930595718,7.9227132042869925,True,3,,1237,,,unknown
holdout,50,R_to_P,original,9.045280539000002,1.4510155292227864,False,2,,202,,,unknown
holdout,50,R_to_P,metal_binary,10.849498676000001,1.646608168259263,False,2,,204,,,unknown
holdout,51,R_to_P,original,9.048184649999998,1.4184693424031138,False,2,,195,,,unknown
holdout,51,R_to_P,metal_binary,9.235578471,1.4517134884372354,False,2,,196,,,unknown
holdout,52,R_to_P,original,5.817193959999999,0.9640616104006767,False,1,,177,,,unknown
holdout,52,R_to_P,metal_binary,6.36903944,1.0438936538994312,False,1,,175,,,unknown
holdout,53,R_to_P,original,8.191077689999998,3.1133020920678973,False,1,,974,,,unknown
holdout,53,R_to_P,metal_binary,8.352029912999999,3.1061352593824267,False,1,,974,,,unknown
holdout,54,R_to_P,original,9.304231319,4.246581407263875,True,2,,1175,,,unknown
holdout,54,R_to_P,metal_binary,9.711928599,4.408569783903658,True,2,,1168,,,unknown
holdout,55,R_to_P,original,14.272011427999997,7.117247220128775,True,2,,1288,,,unknown
holdout,55,R_to_P,metal_binary,12.958766631000001,5.781149278394878,True,2,,1247,,,unknown
holdout,56,R_to_P,original,13.933697813,6.803823905065656,True,2,,1229,,,unknown
holdout,56,R_to_P,metal_binary,9.942238784000002,1.8275492126122117,False,2,,268,,,unknown
holdout,57,R_to_P,original,9.167038193999998,1.4557201080024242,False,3,,265,,,unknown
holdout,57,R_to_P,metal_binary,9.915588873999999,1.5308460304513574,False,3,,267,,,unknown
holdout,58,R_to_P,original,9.211356487000002,1.4960687328130007,False,2,,261,,,unknown
holdout,58,R_to_P,metal_binary,8.032776474,1.51043058373034,False,2,,382,,,unknown
holdout,59,R_to_P,original,0.551524003,0.14416057337075472,False,2,,11,,,unknown
holdout,59,R_to_P,metal_binary,0.592189273,0.5082015218213201,False,2,,11,,,unknown
holdout,60,R_to_P,original,0.5646395849999998,0.16604416444897652,False,3,,17,,,unknown
holdout,60,R_to_P,metal_binary,0.5823563150000001,0.15111294388771057,False,3,,17,,,unknown
holdout,61,R_to_P,original,0.6202821939999997,0.16705914121121168,False,0,,11,,,unknown
holdout,61,R_to_P,metal_binary,0.6471208749999999,0.19174788519740105,False,0,,11,,,unknown
holdout,62,R_to_P,original,0.545795584,0.15051525738090277,False,1,,10,,,unknown
holdout,62,R_to_P,metal_binary,0.5366371839999999,0.1541705336421728,False,1,,10,,,unknown
holdout,63,R_to_P,original,0.555888982,0.16713885217905045,False,0,,7,,,unknown
holdout,63,R_to_P,metal_binary,0.5466216770000001,0.15527192875742912,False,0,,7,,,unknown
holdout,65,R_to_P,original,0.6523597670000001,0.18167430628091097,False,3,,101,,,unknown
holdout,65,R_to_P,metal_binary,0.637806319,0.17204859759658575,False,3,,101,,,unknown
holdout,66,R_to_P,original,0.5360098479999998,0.16152479499578476,False,3,,18,,,unknown
holdout,66,R_to_P,metal_binary,0.544698893,0.14510736986994743,False,3,,18,,,unknown
holdout,67,R_to_P,original,0.5649306709999999,0.14473040774464607,False,2,,22,,,unknown
holdout,67,R_to_P,metal_binary,0.543530951,0.14920305367559195,False,2,,22,,,unknown
holdout,68,R_to_P,original,22.441932944,3.438961817882955,False,3,,250,,,unknown
holdout,68,R_to_P,metal_binary,25.087475577,5.57315987162292,False,3,,960,,,unknown
holdout,69,R_to_P,original,26.890701699,4.243369350209832,False,3,,252,,,unknown
holdout,69,R_to_P,metal_binary,29.345514338,4.571087767370045,False,3,,235,,,unknown
holdout,70,R_to_P,original,11.988071095,8.717700405977666,True,3,,1106,,,unknown
holdout,70,R_to_P,metal_binary,11.918129893,8.74873922020197,True,3,,1106,,,unknown
holdout,71,R_to_P,original,9.250184045,5.162270862609148,True,4,,2530,,,unknown
holdout,71,R_to_P,metal_binary,9.405170156000002,5.255760630592704,True,4,,2530,,,unknown
holdout,72,R_to_P,original,1.6760998880000002,0.41285646334290504,False,5,,77,,,unknown
holdout,72,R_to_P,metal_binary,1.68430133,0.39091990981251,False,5,,77,,,unknown
holdout,73,R_to_P,original,0.8864787790000002,0.22976276744157076,False,2,,62,,,unknown
holdout,73,R_to_P,metal_binary,0.8444061720000002,0.22095803823322058,False,2,,62,,,unknown
holdout,74,R_to_P,original,1.3310660030000003,0.316237585619092,False,2,,34,,,unknown
holdout,74,R_to_P,metal_binary,1.3596618420000004,0.33103418722748756,False,2,,34,,,unknown
holdout,75,R_to_P,original,1.2830802799999999,0.3099037827923894,False,2,,43,,,unknown
holdout,75,R_to_P,metal_binary,1.2617557729999995,0.30864948965609074,False,2,,43,,,unknown
holdout,76,R_to_P,original,25.314045358,3.632431319914758,False,3,,117,,,unknown
holdout,76,R_to_P,metal_binary,26.926445629,3.9353559901937842,False,3,,519,,,unknown
holdout,77,R_to_P,original,14.899742008,2.406311902217567,False,4,,562,,,unknown
holdout,77,R_to_P,metal_binary,86.68233929899999,22.297122654505074,True,4,,23983,,,unknown
holdout,78,R_to_P,original,0.6346324339999999,0.17163703218102455,False,4,,45,,,unknown
holdout,78,R_to_P,metal_binary,0.6321358690000002,0.16833373438566923,False,4,,45,,,unknown
holdout,79,R_to_P,original,0.630987438,0.17014344409108162,False,0,,26,,,unknown
holdout,79,R_to_P,metal_binary,0.6207862520000001,0.17242462281137705,False,0,,26,,,unknown
holdout,80,R_to_P,original,0.612463145,0.18883244041353464,False,2,,35,,,unknown
holdout,80,R_to_P,metal_binary,0.6400982849999998,0.16828903276473284,False,2,,35,,,unknown
holdout,81,R_to_P,original,0.6423313689999998,0.16027373913675547,False,3,,40,,,unknown
holdout,81,R_to_P,metal_binary,0.6470369420000002,0.17521649226546288,False,3,,40,,,unknown
holdout,82,R_to_P,original,1.463319738,0.3281487273052335,False,4,,166,,,unknown
holdout,82,R_to_P,metal_binary,1.500974137,0.33123519644141197,False,4,,166,,,unknown
holdout,83,R_to_P,original,1.5236959689999998,0.3443489680066705,False,3,,209,,,unknown
holdout,83,R_to_P,metal_binary,1.5368481529999996,0.35598366148769855,False,3,,209,,,unknown
holdout,84,R_to_P,original,1.5615240469999998,0.34598533902317286,False,3,,210,,,unknown
holdout,84,R_to_P,metal_binary,1.5673434800000001,0.34566553868353367,False,3,,211,,,unknown
holdout,85,R_to_P,original,1.5521907519999998,0.3481074869632721,False,3,,194,,,unknown
holdout,85,R_to_P,metal_binary,1.5008514300000002,0.32918992824852467,False,3,,194,,,unknown
holdout,86,R_to_P,original,6.847098807,1.1641740566119552,False,3,,97,,,unknown
holdout,86,R_to_P,metal_binary,7.024155459999999,1.1371168373152614,False,3,,97,,,unknown
holdout,87,R_to_P,original,5.453858735,0.9713227208703756,False,4,,118,,,unknown
holdout,87,R_to_P,metal_binary,6.495760873999999,1.0787283014506102,False,4,,117,,,unknown
holdout,88,R_to_P,original,5.441325092999999,0.9746999256312847,False,4,,103,,,unknown
holdout,88,R_to_P,metal_binary,5.425678267,0.978770543821156,False,4,,101,,,unknown
holdout,89,R_to_P,original,6.837724454000001,1.2064680522307754,False,0,,383,,,unknown
holdout,89,R_to_P,metal_binary,8.833503691999999,1.4772281302139163,False,0,,383,,,unknown
holdout,90,R_to_P,original,7.762254983,1.4430160587653518,False,6,,731,,,unknown
holdout,90,R_to_P,metal_binary,8.73688401,1.5690379971638322,False,6,,810,,,unknown
holdout,91,R_to_P,original,5.341904373000001,0.9797021020203829,False,2,,407,,,unknown
holdout,91,R_to_P,metal_binary,6.159851064,1.24812135938555,False,2,,700,,,unknown
holdout,92,R_to_P,original,4.094650779999999,0.7142446776852012,False,2,,167,,,unknown
holdout,92,R_to_P,metal_binary,4.147016386000001,0.7307462161406875,False,2,,167,,,unknown
holdout,93,R_to_P,original,1.3520729889999998,0.3495366061106324,False,3,,271,,,unknown
holdout,93,R_to_P,metal_binary,1.1006021209999999,0.2983941789716482,False,3,,84,,,unknown
holdout,94,R_to_P,original,0.990268146,0.2767334524542093,False,1,,52,,,unknown
holdout,94,R_to_P,metal_binary,1.0247143589999999,0.24470968078821898,False,1,,56,,,unknown
holdout,95,R_to_P,original,0.9842915409999997,0.26067362911999226,False,2,,42,,,unknown
holdout,95,R_to_P,metal_binary,1.0564264719999998,0.2559617469087243,False,2,,42,,,unknown
holdout,96,R_to_P,original,0.8061395920000001,0.22472384944558144,False,2,,45,,,unknown
holdout,96,R_to_P,metal_binary,0.8080009789999998,0.2128248903900385,False,2,,45,,,unknown
holdout,97,R_to_P,original,4.592151662999999,2.027850540354848,False,5,,1838,,,unknown
holdout,97,R_to_P,metal_binary,8.045872149,3.432781937532127,True,5,,3197,,,unknown
holdout,98,R_to_P,original,2.8090486360000004,0.9026046814396977,False,2,,1502,,,unknown
holdout,98,R_to_P,metal_binary,1.2620248799999998,0.3277458054944873,False,2,,356,,,unknown
holdout,99,R_to_P,original,0.9010106709999999,0.24348641466349363,False,2,,90,,,unknown
holdout,99,R_to_P,metal_binary,1.0027782729999999,0.2457046890631318,False,2,,138,,,unknown
holdout,100,R_to_P,original,2.2184006669999996,0.5941224358975887,False,4,,911,,,unknown
holdout,100,R_to_P,metal_binary,1.2615985930000002,0.3054659590125084,False,4,,188,,,unknown
holdout,102,R_to_P,original,0.694773171,0.19280568696558475,False,4,,35,,,unknown
holdout,102,R_to_P,metal_binary,0.6826373910000001,0.1865738332271576,False,4,,36,,,unknown
holdout,103,R_to_P,original,0.668027889,0.17460112273693085,False,4,,35,,,unknown
holdout,103,R_to_P,metal_binary,0.7028575869999998,0.1841566665098071,False,4,,36,,,unknown
holdout,105,R_to_P,original,1.3639109429999998,0.3332589315250516,False,5,,195,,,unknown
holdout,105,R_to_P,metal_binary,1.2936733139999994,0.3083834480494261,False,5,,168,,,unknown
holdout,106,R_to_P,original,1.3651003420000003,0.330647942610085,False,5,,195,,,unknown
holdout,106,R_to_P,metal_binary,1.2767477649999996,0.3067661486566067,False,5,,168,,,unknown
holdout,107,R_to_P,original,1.070363767,0.28700424637645483,False,4,,239,,,unknown
holdout,107,R_to_P,metal_binary,0.760278606,0.20091781206429005,False,4,,69,,,unknown
holdout,108,R_to_P,original,1.0674537240000002,0.3049848238006234,False,4,,245,,,unknown
holdout,108,R_to_P,metal_binary,0.755421632,0.2118737418204546,False,4,,70,,,unknown
holdout,109,R_to_P,original,0.864077668,0.26100446470081806,False,5,,127,,,unknown
holdout,109,R_to_P,metal_binary,0.785781982,0.22635195218026638,False,5,,72,,,unknown
holdout,110,R_to_P,original,0.600744223,0.16360388416796923,False,2,,17,,,unknown
holdout,110,R_to_P,metal_binary,0.5976643309999997,0.16660779900848866,False,2,,12,,,unknown
holdout,111,R_to_P,original,0.9981891489999998,0.2889456311240792,False,3,,223,,,unknown
holdout,111,R_to_P,metal_binary,0.7469778,0.2011078419163823,False,3,,92,,,unknown
holdout,112,R_to_P,original,0.800166561,0.234291966073215,False,4,,81,,,unknown
holdout,112,R_to_P,metal_binary,1.034113319,0.3383366521447897,False,4,,114,,,unknown
holdout,113,R_to_P,original,0.728180778,0.19804558344185352,False,4,,51,,,unknown
holdout,113,R_to_P,metal_binary,0.7424161079999999,0.2037168899551034,False,4,,46,,,unknown
holdout,114,R_to_P,original,0.6923200099999998,0.18449516128748655,False,4,,29,,,unknown
holdout,114,R_to_P,metal_binary,0.7687757780000001,0.18968233093619347,False,4,,47,,,unknown
holdout,115,R_to_P,original,0.7742679429999999,0.1930199796333909,False,4,,49,,,unknown
holdout,115,R_to_P,metal_binary,0.9508468970000001,0.22889893129467964,False,4,,90,,,unknown
holdout,116,R_to_P,original,2.503208952,0.5016767857596278,False,1,,73,,,unknown
holdout,116,R_to_P,metal_binary,2.4811926640000004,0.5053211813792586,False,1,,73,,,unknown
holdout,117,R_to_P,original,4.87152876,0.857460250146687,False,1,,232,,,unknown
holdout,117,R_to_P,metal_binary,3.4678877729999997,0.639629009179771,False,1,,126,,,unknown
holdout,118,R_to_P,original,0.545634631,0.14357739221304655,False,3,,18,,,unknown
holdout,118,R_to_P,metal_binary,0.526408022,0.1379427257925272,False,3,,18,,,unknown
holdout,119,R_to_P,original,3.128943218,0.7582080708816648,False,3,,268,,,unknown
holdout,119,R_to_P,metal_binary,3.2350005760000005,0.7803304120898247,False,3,,268,,,unknown
holdout,120,R_to_P,original,0.720390345,0.18193312641233206,False,3,,10,,,unknown
holdout,120,R_to_P,metal_binary,0.7521296329999999,0.18553607445210218,False,3,,10,,,unknown
holdout,121,R_to_P,original,4.014093020999999,0.7241326328366995,False,6,,130,,,unknown
holdout,121,R_to_P,metal_binary,3.9637136020000003,0.7162626935169101,False,6,,130,,,unknown
holdout,122,R_to_P,original,1.4900494279999998,0.39848831482231617,False,3,,16,,,unknown
holdout,122,R_to_P,metal_binary,1.466234356,0.334212027490139,False,3,,16,,,unknown
holdout,123,R_to_P,original,1.513533163,0.35239053424447775,False,3,,21,,,unknown
holdout,123,R_to_P,metal_binary,1.479496562,0.3929599355906248,False,3,,21,,,unknown
holdout,124,R_to_P,original,3.7927862279999998,0.7116756113246083,False,3,,100,,,unknown
holdout,124,R_to_P,metal_binary,3.711559783,0.6663822019472718,False,3,,100,,,unknown
holdout,125,R_to_P,original,1.4932631140000003,0.35525014251470566,False,4,,42,,,unknown
holdout,125,R_to_P,metal_binary,1.483890009,0.38006548676639795,False,4,,42,,,unknown
holdout,126,R_to_P,original,0.787511504,0.25080693513154984,False,3,,19,,,unknown
holdout,126,R_to_P,metal_binary,0.7874520469999999,0.21855234820395708,False,3,,19,,,unknown
holdout,127,R_to_P,original,0.6395771209999999,0.17686748690903187,False,4,,27,,,unknown
holdout,127,R_to_P,metal_binary,0.629939185,0.20607955288141966,False,4,,27,,,unknown
holdout,128,R_to_P,original,0.5971763049999999,0.16226889565587044,False,3,,15,,,unknown
holdout,128,R_to_P,metal_binary,0.587909445,0.16613924503326416,False,3,,15,,,unknown
holdout,129,R_to_P,original,3.015549095,0.6346476376056671,False,7,,560,,,unknown
holdout,129,R_to_P,metal_binary,2.95526679,0.6902026403695345,False,7,,560,,,unknown
holdout,130,R_to_P,original,0.851251765,0.26018568873405457,False,4,,18,,,unknown
holdout,130,R_to_P,metal_binary,0.8499677330000001,0.22473780158907175,False,4,,18,,,unknown
holdout,131,R_to_P,original,1.539607466,0.3396933972835541,False,2,,66,,,unknown
holdout,131,R_to_P,metal_binary,1.571816911,0.3516140840947628,False,2,,66,,,unknown
holdout,132,R_to_P,original,1.269155426,0.31627445202320814,False,4,,156,,,unknown
holdout,132,R_to_P,metal_binary,1.2233567770000002,0.29588435776531696,False,4,,153,,,unknown
holdout,133,R_to_P,original,2.4090979759999995,0.47933842055499554,False,2,,46,,,unknown
holdout,133,R_to_P,metal_binary,2.3990020539999994,0.4934774739667773,False,2,,46,,,unknown
holdout,134,R_to_P,original,1.7138691060000002,0.39586203917860985,False,6,,20,,,unknown
holdout,134,R_to_P,metal_binary,1.6817673720000004,0.3889527749270201,False,6,,20,,,unknown
holdout,135,R_to_P,original,4.1292920870000005,2.2163117229938507,True,4,,1965,,,unknown
holdout,135,R_to_P,metal_binary,4.132530052999999,2.2229228168725967,True,4,,1965,,,unknown
holdout,136,R_to_P,original,1.5805484589999999,0.48617471288889647,False,4,,475,,,unknown
holdout,136,R_to_P,metal_binary,0.9586655699999999,0.251449566334486,False,4,,94,,,unknown
holdout,137,R_to_P,original,1.7305778840000001,0.5414685569703579,False,4,,626,,,unknown
holdout,137,R_to_P,metal_binary,1.7489742809999997,0.5588550539687276,False,4,,626,,,unknown
holdout,138,R_to_P,original,2.1145126549999995,0.5773884197697043,False,3,,118,,,unknown
holdout,138,R_to_P,metal_binary,2.1262174600000003,0.56513103377074,False,3,,118,,,unknown
holdout,139,R_to_P,original,0.7310206700000002,0.2037251964211464,False,2,,6,,,unknown
holdout,139,R_to_P,metal_binary,0.7259208239999999,0.2018854208290577,False,2,,6,,,unknown
golden,691,R_to_P,original,1.3852231370000003,0.35469652339816093,False,,,,,,recovered
golden,691,R_to_P,metal_binary,1.4172300970000005,0.35133964475244284,False,,,,,,recovered
golden,691,P_to_R,original,1.1079264610000001,0.2687748810276389,False,,,,,,recovered
golden,691,P_to_R,metal_binary,1.1211906199999997,0.28001973032951355,False,,,,,,recovered
golden,692,R_to_P,original,3.521635629,0.9411617331206799,True,,,,,,recovered
golden,692,R_to_P,metal_binary,3.5466766180000002,0.9422435453161597,True,,,,,,recovered
golden,692,P_to_R,original,2.3885003650000005,0.9554577739909291,True,,,,,,recovered
golden,692,P_to_R,metal_binary,2.450311827,0.9938048142939806,True,,,,,,recovered
golden,904,R_to_P,original,3.610134734,1.110914621502161,True,,,,,,not_recovered
golden,904,R_to_P,metal_binary,3.6456513050000003,1.118857421912253,True,,,,,,not_recovered
golden,904,P_to_R,original,2.235954315,0.6424603126943111,True,,,,,,recovered
golden,904,P_to_R,metal_binary,2.3289385479999996,0.6864739479497075,True,,,,,,recovered
golden,937,R_to_P,original,0.48637184699999997,0.13755722530186176,False,,,,,,recovered
golden,937,R_to_P,metal_binary,0.492984675,0.14631941635161638,False,,,,,,recovered
golden,937,P_to_R,original,0.5060518149999998,0.13046875316649675,False,,,,,,recovered
golden,937,P_to_R,metal_binary,0.50054063,0.13728160876780748,False,,,,,,recovered
golden,959,R_to_P,original,0.548847728,0.1477552531287074,False,,,,,,recovered
golden,959,R_to_P,metal_binary,0.5395721189999998,0.1360343275591731,False,,,,,,recovered
golden,959,P_to_R,original,0.652041398,0.17593937553465366,False,,,,,,recovered
golden,959,P_to_R,metal_binary,0.6494206699999999,0.18574598338454962,False,,,,,,recovered
golden,1093,R_to_P,original,4.425673776,1.5432494226843119,True,,,,,,recovered
golden,1093,R_to_P,metal_binary,4.3626140939999996,1.5054344916716218,True,,,,,,recovered
golden,1093,P_to_R,original,0.9307491240000001,0.2390893902629614,False,,,,,,recovered
golden,1093,P_to_R,metal_binary,0.9701168929999999,0.25901632849127054,False,,,,,,recovered
golden,1312,R_to_P,original,0.8319087049999999,0.2293919464573264,False,,,,,,recovered
golden,1312,R_to_P,metal_binary,0.8054113799999999,0.21755854040384293,False,,,,,,recovered
golden,1312,P_to_R,original,3.1962200229999995,1.354961358010769,True,,,,,,recovered
golden,1312,P_to_R,metal_binary,3.364017324,1.4108466198667884,True,,,,,,recovered
golden,1418,R_to_P,original,1.2901233169999997,0.30936800315976143,False,,,,,,recovered
golden,1418,R_to_P,metal_binary,1.1505446129999999,0.2675756188109517,False,,,,,,recovered
golden,1418,P_to_R,original,4.674998791999999,1.5189955970272422,True,,,,,,recovered
golden,1418,P_to_R,metal_binary,4.898678488000001,1.5748121766373515,True,,,,,,recovered
golden,1447,R_to_P,original,1.8839590339999996,0.41785216238349676,False,,,,,,recovered
golden,1447,R_to_P,metal_binary,1.8209391949999998,0.381550376303494,False,,,,,,recovered
golden,1447,P_to_R,original,6.300511065,2.049057868309319,True,,,,,,recovered
golden,1447,P_to_R,metal_binary,6.517914883,2.1560049578547478,True,,,,,,recovered
golden,1474,R_to_P,original,0.8034018359999999,0.21589891519397497,False,,,,,,recovered
golden,1474,R_to_P,metal_binary,0.7895907769999999,0.21206532791256905,False,,,,,,recovered
golden,1474,P_to_R,original,1.338575558,0.3942692428827286,True,,,,,,recovered
golden,1474,P_to_R,metal_binary,1.354164204,0.41791892424225807,True,,,,,,recovered
golden,1475,R_to_P,original,4.475310377,1.5125252259895205,True,,,,,,not_recovered
golden,1475,R_to_P,metal_binary,4.326214842,1.4242671187967062,True,,,,,,not_recovered
golden,1475,P_to_R,original,3.0340780409999994,1.0824003983289003,True,,,,,,not_recovered
golden,1475,P_to_R,metal_binary,3.070917813999999,1.0736783351749182,True,,,,,,not_recovered
