index,original_reference_verified,terminals,contexts,states,transitions,unique_projected_actions,non_endpoint_automorphisms,unfinalized_terminal_edges,reference_source_orbit_selection_matches,reference_atom_orbit_pairing_matches,unique_orbit_pairings,closest_orbit_distance,closest_terminal,load_seconds,total_seconds,slurm_job,hostname
1031,True,18539,246,360428,360182,3,0,0,0,0,107,2,93939,53.72056053718552,56.159884102176875,438004,bosque34
1034,True,1229,129,5967,5838,2,0,0,1229,0,40,4,15,0.7918788911774755,0.9092542780563235,438005,bosque35
1083,True,308,249,1419,1170,3,0,0,0,0,23,6,147,0.3793611377477646,0.44026793679222465,438006,bosque36
11,True,2113,84,9942,9858,2,0,0,2113,0,83,4,5457,0.48428002558648586,0.5396571820601821,438003,bosque12
1172,True,6360,162,47280,47118,1,0,0,0,0,500,2,27741,5.155048446031287,5.777742311125621,438007,bosque37
1227,True,8627,126,71303,71177,2,0,0,0,0,235,6,20591,7.386012496892363,8.130915488814935,438008,bosque38
1228,True,3097,102,15453,15351,1,0,0,0,0,90,6,4210,1.4873284860514104,1.7119454289786518,438009,bosque39
1285,True,249,84,1258,1174,1,0,0,177,93,13,0,7,0.18875638814643025,0.2093163391109556,438010,bosque40
130,True,6242,240,60196,59956,3,0,0,0,0,496,2,51494,9.237792155938223,10.107803157065064,438008,bosque38
1312,True,1809,111,9564,9453,2,0,0,0,0,96,2,3,0.5472759651020169,0.6192788807675242,438003,bosque12
1314,True,392,147,2223,2076,5,0,0,353,0,26,4,18,0.39060266502201557,0.46041363617405295,438004,bosque34
1370,True,16793,243,134650,134407,4,0,0,0,0,390,6,95324,16.827175218146294,18.508702132850885,438005,bosque35
1371,True,2368,120,14421,14301,2,0,0,2368,0,41,8,10738,1.6924978559836745,1.8825162257999182,438006,bosque36
1384,True,234,141,1241,1100,3,0,0,234,0,22,4,4,0.21995387901552022,0.24862017412669957,438007,bosque37
1387,True,2807,321,19924,19603,2,0,0,0,0,216,4,78,2.606368489097804,2.934612036915496,438008,bosque38
1395,True,8645,240,122501,122261,3,0,0,0,0,425,2,19771,16.949206159915775,18.259826384019107,438009,bosque39
1409,True,26033,396,216796,216400,2,0,0,0,0,2056,18,5311,30.806056044995785,34.335308820940554,438010,bosque40
1410,True,22202,378,202028,201650,1,0,0,0,0,775,8,4010,14.74148428812623,16.014368508011103,438003,bosque12
1414,True,999,345,10182,9837,7,0,0,0,0,69,2,4679,2.2560575059615076,2.51866984879598,438004,bosque34
1429,True,12102,375,148580,148205,6,0,0,0,0,375,2,109785,22.103075539227575,24.323620472103357,438005,bosque35
1453,True,21905,312,553550,553238,4,0,0,0,0,55,2,328757,75.55769453989342,78.48824043665081,438006,bosque36
1454,True,22539,309,487130,486821,1,0,0,0,0,944,12,225931,69.2673867919948,72.56647532084025,438007,bosque37
1465,True,5901,240,50001,49761,2,0,0,0,0,416,2,6022,6.27632341417484,7.03125627618283,438008,bosque38
1478,True,20878,279,209765,209486,4,0,0,0,0,839,6,18748,31.59134094393812,35.98389714793302,438009,bosque39
1491,True,9625,231,62952,62721,3,0,0,0,0,639,2,2052,7.635630076052621,8.698855199851096,438010,bosque40
151,True,10533,162,113692,113530,2,0,0,0,0,653,2,5,14.923493436072022,16.175781890982762,438009,bosque39
1517,True,6370,222,63146,62924,2,0,0,0,0,1496,2,42913,4.006072701886296,4.381073780357838,438003,bosque12
1518,True,5448,312,82022,81710,3,0,0,0,0,604,2,1878,10.897083316929638,11.77717249514535,438004,bosque34
1525,True,7002,273,27362,27089,4,0,0,0,0,778,2,10605,4.244584403932095,5.210728785023093,438005,bosque35
1526,True,8463,186,57926,57740,2,0,0,224,0,496,2,876,7.124213922768831,8.041471522767097,438006,bosque36
1533,True,13750,204,180582,180378,2,0,0,0,0,417,2,4,20.597197706112638,22.13648652518168,438007,bosque37
1546,True,5208,270,38613,38343,5,0,0,0,0,525,6,14154,5.6594123700633645,6.305151313077658,438008,bosque38
1547,True,25031,369,202883,202514,5,0,0,47,0,116,8,346,35.562223898014054,38.98957850388251,438009,bosque39
1553,True,2872,183,16214,16031,2,0,0,369,0,108,10,744,1.8068106989376247,2.0710953909438103,438010,bosque40
1554,True,53,354,519,165,2,0,0,0,0,3,28,82,0.06207706592977047,0.06687289662659168,438003,bosque12
1560,True,12314,195,98914,98719,4,0,0,0,0,351,2,3106,12.332846627105027,13.9634647089988,438004,bosque34
1564,True,16229,186,196540,196354,2,0,0,0,0,575,2,117965,21.365224084816873,23.075469348113984,438005,bosque35
1567,True,33669,402,590276,589874,2,0,0,0,0,533,10,443,13.188953773118556,18.687500271946192,438006,bosque36
1568,True,7543,189,64173,63984,3,0,0,3,0,100,2,9635,8.184047946007922,9.076663243118674,438007,bosque37
1571,True,4812,141,54083,53942,2,0,0,0,0,54,6,3560,4.873280937084928,5.297523804008961,438008,bosque38
1574,True,358,207,1508,1301,5,0,0,0,0,49,4,3,0.45878443005494773,0.5388336970936507,438009,bosque39
1577,True,4576,246,44105,43859,7,0,0,0,0,157,2,1385,5.79558083997108,6.292665133951232,438010,bosque40
1579,True,4546,138,18463,18325,2,0,0,0,0,67,2,382,0.8260067477822304,0.9395229192450643,438003,bosque12
1586,True,12688,393,72108,71715,6,0,0,0,0,366,2,37785,14.299496845342219,16.646002313122153,438004,bosque34
1587,True,7033,318,28520,28202,5,0,0,0,0,704,6,6848,5.03048999607563,5.877963665872812,438005,bosque35
1590,True,6639,174,48303,48129,5,0,0,208,4,557,0,43007,6.17865199316293,6.863150543067604,438006,bosque36
1592,True,6203,369,96052,95683,2,0,0,0,0,126,6,3,15.139227262930945,16.117904864950106,438007,bosque37
1599,True,16218,318,98308,97990,3,0,0,0,0,283,2,63768,12.200699287001044,13.971679432084784,438008,bosque38
16,True,3304,165,14847,14682,2,0,0,0,0,419,8,88,1.4907890930771828,1.795093646273017,438004,bosque34
1609,True,274,195,1000,805,5,0,0,0,0,19,2,2,0.2400156909134239,0.28295367886312306,438009,bosque39
1612,True,6511,189,39241,39052,2,0,0,0,0,243,4,21005,4.01205092202872,4.5770630550105125,438010,bosque40
1621,True,9009,204,125555,125351,0,0,0,0,0,608,4,72085,6.246058192104101,6.686553138308227,438003,bosque12
1626,True,4926,318,24038,23720,3,0,0,0,0,63,12,263,3.072218037210405,3.5813075401820242,438004,bosque34
1636,True,36960,600,174025,173425,3,0,0,0,0,1720,8,154077,24.93633026909083,29.270166677888483,438005,bosque35
1637,True,15639,363,132472,132109,3,0,0,0,0,424,12,97590,16.493847033008933,18.28991927811876,438006,bosque36
1639,True,5158,321,81872,81551,6,0,0,0,0,81,14,12,10.460713759064674,11.112096179043874,438007,bosque37
1641,True,330,153,1355,1202,1,0,0,0,0,22,2,58,0.21211496298201382,0.23079145303927362,438008,bosque38
1642,True,15237,396,118582,118186,3,0,0,0,0,152,2,53389,19.02062547998503,21.235068193869665,438009,bosque39
1643,True,7896,378,57874,57496,3,0,0,0,0,62,14,607,8.212462549097836,9.272569569991902,438010,bosque40
1649,True,15380,240,160043,159803,3,0,0,0,0,455,6,126560,12.286492008715868,13.295267440378666,438003,bosque12
1664,True,6603,159,32378,32219,1,0,0,0,0,61,4,6,2.7872725930064917,3.27461908897385,438004,bosque34
1667,True,25120,252,341767,341515,2,0,0,0,0,66,2,589,45.431360226590186,48.60646712873131,438005,bosque35
167,True,4044,162,79096,78934,3,0,0,0,0,106,2,2848,10.278435993939638,10.82418106496334,438010,bosque40
1673,True,856,93,3128,3035,1,0,0,0,0,49,2,4,0.3121590567752719,0.37123040901497006,438006,bosque36
1675,True,6030,198,59054,58856,3,0,0,0,0,102,2,2,6.986458997009322,7.77615176490508,438007,bosque37
1678,True,9383,264,112017,111753,7,0,0,0,0,148,20,10136,17.270020553143695,18.894143959041685,438008,bosque38
1682,True,37112,411,691564,691153,3,0,0,0,0,83,8,3940,74.67979334201664,78.51557521289214,438009,bosque39
1684,True,848,225,2899,2674,4,0,0,0,0,25,2,5,0.7015182010363787,0.8498237261082977,438010,bosque40
1688,True,2470,390,23821,23431,5,0,0,0,0,96,6,11,2.35910602286458,2.53408982232213,438003,bosque12
1689,True,1297,339,6618,6279,5,0,0,0,0,28,2,6007,1.3380493186414242,1.5868142610415816,438004,bosque34
1691,True,28287,363,558774,558411,3,0,0,0,0,469,8,30040,13.436124698258936,19.03041496593505,438005,bosque35
1693,True,29876,369,407031,406662,1,0,0,0,0,455,16,8766,60.42182524316013,65.07055953610688,438006,bosque36
1694,True,30333,333,1234444,1234111,2,0,0,0,0,170,22,124108,30.037129716947675,35.67908970382996,438007,bosque37
1695,True,27865,414,1304554,1304140,6,0,0,0,0,192,4,385081,32.711868901969865,39.104180658003315,438008,bosque38
1701,True,5709,177,69122,68945,2,0,0,0,0,299,4,3499,8.13990938407369,8.790788254933432,438009,bosque39
1703,True,5792,312,215142,214830,3,0,0,0,0,221,2,2,35.75364014902152,37.00017994316295,438010,bosque40
1707,True,22502,510,238732,238222,4,0,0,0,0,1391,14,209502,22.624286603182554,24.246718367561698,438003,bosque12
1713,True,22340,270,187247,186977,5,0,0,41,0,1482,4,6035,23.72520348476246,26.923139510676265,438004,bosque34
1717,True,7421,195,39442,39247,4,0,0,0,0,88,10,2364,4.138771312776953,4.755909389816225,438005,bosque35
1721,True,30222,306,559638,559332,3,0,0,0,0,137,12,99386,58.37903003487736,61.47075883299112,438006,bosque36
1722,True,29313,447,295403,294956,4,0,0,0,0,186,10,1523,43.21396077913232,47.32065397314727,438007,bosque37
1724,True,33161,420,568897,568477,5,0,0,0,0,129,12,118,91.06665232195519,95.85707464092411,438008,bosque38
1732,True,13172,225,199029,198804,2,0,0,0,0,2720,2,38863,21.20254219393246,22.50105093489401,438009,bosque39
1738,True,5961,210,25821,25611,1,0,0,0,0,412,4,5,2.507075695786625,2.9734503228683025,438010,bosque40
1739,True,1364,156,6946,6790,1,0,0,0,0,89,24,21,0.32290221098810434,0.3682263819500804,438003,bosque12
1740,True,647,183,3800,3617,0,0,0,1,0,119,4,1590,0.30020739883184433,0.34457195783033967,438004,bosque34
1741,True,486,153,2616,2463,3,0,0,0,0,67,2,2,0.36223412910476327,0.4471695004031062,438005,bosque35
1747,True,5489,243,149494,149251,4,0,0,0,0,184,2,2,16.502068353816867,17.30140321655199,438006,bosque36
1748,True,12018,198,106370,106172,4,0,0,0,0,528,6,69719,12.67937349411659,14.087210988160223,438007,bosque37
1749,True,13561,381,148835,148454,1,0,0,0,0,793,2,47315,20.827069137012586,22.781387025024742,438008,bosque38
1752,True,6116,174,115129,114955,3,0,0,0,0,53,2,2,12.333446930162609,12.97312225913629,438009,bosque39
1756,True,17595,483,272266,271783,3,0,0,0,0,304,4,164469,46.887602174887434,50.18459363793954,438010,bosque40
1757,True,11058,249,124168,123919,3,0,0,0,0,161,2,98979,8.127111493609846,8.729222811758518,438003,bosque12
1760,True,1489,204,7772,7568,2,0,0,0,0,154,2,3,1.2790310997515917,1.5380406291224062,438004,bosque34
1763,True,13976,477,126853,126376,3,0,0,0,0,179,2,26157,16.273244767915457,18.093883590772748,438005,bosque35
1764,True,32147,378,689774,689396,2,0,0,0,0,207,8,37366,115.43515496328473,120.83775221509859,438006,bosque36
1776,True,5906,318,119107,118789,9,0,0,0,0,112,4,3,20.01031214906834,20.952803494874388,438007,bosque37
1777,True,5277,294,62083,61789,5,0,0,0,0,70,12,7,7.2100085720885545,7.7239375540521,438008,bosque38
1780,True,7813,261,45707,45446,5,0,0,0,0,392,6,506,6.340087541844696,7.185359240975231,438009,bosque39
1781,True,4981,186,18907,18721,3,0,0,0,0,118,2,4850,1.9168643590528518,2.272983269067481,438010,bosque40
1788,True,820,90,3156,3066,1,0,0,0,0,32,2,4,0.17317129392176867,0.1961852451786399,438003,bosque12
1791,True,9039,255,254763,254508,3,0,0,0,0,147,4,38318,33.485265352763236,34.83727830881253,438004,bosque34
1793,True,23902,435,289373,288938,3,0,0,0,0,737,4,198720,49.68996092770249,53.808424811810255,438005,bosque35
1795,True,19616,240,216128,215888,4,0,0,0,0,122,2,181533,26.881902980152518,29.13654667697847,438006,bosque36
1796,True,9727,225,67079,66854,2,0,0,0,0,570,2,326,11.152022661175579,12.802833519177511,438007,bosque37
1797,True,20088,240,135814,135574,5,0,0,0,0,87,2,109163,17.33765754289925,19.378265055827796,438008,bosque38
1798,True,14151,339,376194,375855,4,0,0,0,0,112,2,5294,53.96034008800052,56.23940215585753,438009,bosque39
1803,True,562,147,2418,2271,2,0,0,0,0,27,2,8,0.340440517058596,0.40788153605535626,438010,bosque40
1806,True,6942,306,27382,27076,1,0,0,0,0,128,6,14083,1.5822079479694366,1.8127632336691022,438003,bosque12
1807,True,1216,213,5636,5423,5,0,0,0,0,119,4,3,0.9243492297828197,1.0714044868946075,438004,bosque34
1809,True,3745,285,15219,14934,5,0,0,0,0,60,2,10050,2.1716613727621734,2.5657410509884357,438005,bosque35
1810,True,1551,192,12534,12342,4,0,0,0,0,330,2,1589,1.5260581481270492,1.728300531860441,438006,bosque36
1811,True,6777,201,28949,28748,1,0,0,0,0,620,2,6998,3.068602110957727,3.6625652969814837,438007,bosque37
1816,True,3419,282,14571,14289,12,0,0,0,0,145,6,3076,2.7687822820153087,3.2974181298632175,438008,bosque38
1821,True,982,216,4190,3974,1,0,0,0,0,87,4,30,0.5673377579078078,0.728514548856765,438009,bosque39
1822,True,2002,153,7970,7817,2,0,0,0,0,41,2,16,1.1044181028846651,1.334433521842584,438010,bosque40
1848,True,4375,303,46032,45729,10,0,0,0,0,142,2,8,4.4292634185403585,4.760781388729811,438003,bosque12
19,True,14243,150,220542,220392,1,0,0,14243,0,63,4,22574,28.315365715883672,29.976322865113616,438005,bosque35
202,True,8502,99,83579,83480,3,0,0,8502,0,43,4,1571,4.3104100013151765,4.5888426303863525,438003,bosque12
21,True,642,87,2903,2816,1,0,0,16,0,48,2,689,0.16202395036816597,0.17988168634474277,,bosque1
268,True,5305,117,63400,63283,7,0,0,5305,0,65,4,32095,7.365249067079276,7.942485393024981,438004,bosque34
411,True,5602,192,409847,409655,2,0,0,0,0,20,2,113454,58.24774149572477,59.33080119686201,438005,bosque35
45,True,1958,111,11760,11649,0,0,0,0,0,323,4,818,1.0034892021212727,1.141305689001456,438007,bosque37
542,True,9228,99,82978,82879,2,0,0,9228,1,69,0,36968,8.218502905685455,8.997221510857344,438006,bosque36
576,True,3541,117,18120,18003,2,0,0,3541,0,28,4,2,2.092853490030393,2.507838413119316,438007,bosque37
590,True,16062,174,371820,371646,3,0,0,16062,0,140,12,170121,50.5513913098257,52.84153279988095,438008,bosque38
602,True,2941,78,8040,7962,3,0,0,2941,0,45,6,3912,0.9416275671683252,1.2014574720524251,438009,bosque39
603,True,4016,198,39346,39148,6,0,0,4016,0,56,4,14682,6.772543922998011,7.419792645145208,438010,bosque40
744,True,8372,141,84257,84116,1,0,0,8372,0,17,10,40519,5.201551692560315,5.565696663223207,438003,bosque12
749,True,791,123,3048,2925,4,0,0,791,0,27,24,1487,0.4158245171420276,0.4860214479267597,438004,bosque34
833,True,5750,258,329891,329633,4,0,0,5750,0,52,4,7222,59.499063661322,60.719400469213724,438005,bosque35
845,True,3819,120,33109,32989,1,0,0,3819,0,83,4,31,3.6903060832992196,4.07265673391521,438006,bosque36
867,True,4468,123,56837,56714,3,0,0,4468,0,11,4,12,6.836895014857873,7.276369877858087,438007,bosque37
871,True,11223,141,140032,139891,2,0,0,11223,0,101,8,16642,17.791538872988895,19.03904771897942,438008,bosque38
929,True,18375,222,261298,261076,6,0,0,18375,0,157,8,130990,42.243216992821544,44.97832184401341,438009,bosque39
964,True,6883,114,47152,47038,2,0,0,6883,0,109,4,17062,5.233299409970641,5.822908048052341,438010,bosque40
986,True,2582,84,45494,45410,2,0,0,2582,0,18,4,4,2.068628417328,2.1650212993845344,438003,bosque12
