index,original,filtered,filtered_seconds,filtered_evidence,finite,finite_seconds,finite_evidence,long_query,long_query_seconds,long_query_evidence,orbit_query,orbit_query_seconds,orbit_query_evidence,resolved_status
1033,unknown,unknown,120.59001980698667,/project/yunhengzou/coordinate_alignment/aam_benchmarks/golden_mapping_diagnosis_20260907/unknown_1033/verification.json,unknown,120.52990431990474,/project/yunhengzou/coordinate_alignment/aam_benchmarks/golden_mapping_diagnosis_20260907/finite_1033/verification.json,unknown,120.23075886815786,/project/yunhengzou/coordinate_alignment/aam_benchmarks/golden_mapping_diagnosis_20260907/longquery_1033/verification.json,unknown,120.712007869035,/project/yunhengzou/coordinate_alignment/aam_benchmarks/golden_mapping_diagnosis_20260907/orbitquery_1033/verification.json,unknown
124,unknown,recovered,56.4276727437973,/project/yunhengzou/coordinate_alignment/aam_benchmarks/golden_mapping_diagnosis_20260907/unknown_124/verification.json,unknown,120.08782221190631,/project/yunhengzou/coordinate_alignment/aam_benchmarks/golden_mapping_diagnosis_20260907/finite_124/verification.json,,,,recovered,5.746762673836201,/project/yunhengzou/coordinate_alignment/aam_benchmarks/golden_mapping_diagnosis_20260907/orbitquery_124/verification.json,recovered
1351,unknown,unknown,120.31180793698877,/project/yunhengzou/coordinate_alignment/aam_benchmarks/golden_mapping_diagnosis_20260907/unknown_1351/verification.json,unknown,120.4973645771388,/project/yunhengzou/coordinate_alignment/aam_benchmarks/golden_mapping_diagnosis_20260907/finite_1351/verification.json,unknown,120.60653628921136,/project/yunhengzou/coordinate_alignment/aam_benchmarks/golden_mapping_diagnosis_20260907/longquery_1351/verification.json,unknown,120.60554337501526,/project/yunhengzou/coordinate_alignment/aam_benchmarks/golden_mapping_diagnosis_20260907/orbitquery_1351/verification.json,unknown
1392,unknown,not_recovered,0.12361818714998662,/project/yunhengzou/coordinate_alignment/aam_benchmarks/golden_mapping_diagnosis_20260907/unknown_1392/verification.json,not_recovered,0.11122881295159459,/project/yunhengzou/coordinate_alignment/aam_benchmarks/golden_mapping_diagnosis_20260907/finite_1392/verification.json,,,,not_recovered,0.11022506514564157,/project/yunhengzou/coordinate_alignment/aam_benchmarks/golden_mapping_diagnosis_20260907/orbitquery_1392/verification.json,not_recovered
1438,unknown,recovered,10.052385423332453,/project/yunhengzou/coordinate_alignment/aam_benchmarks/golden_mapping_diagnosis_20260907/unknown_1438/verification.json,unknown,10.099597192369401,/project/yunhengzou/coordinate_alignment/aam_benchmarks/golden_mapping_diagnosis_20260907/finite_1438/verification.json,,,,recovered,10.085956302471459,/project/yunhengzou/coordinate_alignment/aam_benchmarks/golden_mapping_diagnosis_20260907/orbitquery_1438/verification.json,recovered
1456,unknown,unknown,61.36304421257228,/project/yunhengzou/coordinate_alignment/aam_benchmarks/golden_mapping_diagnosis_20260907/unknown_1456/verification.json,unknown,61.2991452566348,/project/yunhengzou/coordinate_alignment/aam_benchmarks/golden_mapping_diagnosis_20260907/finite_1456/verification.json,recovered,84.44978789193556,/project/yunhengzou/coordinate_alignment/aam_benchmarks/golden_mapping_diagnosis_20260907/longquery_1456/verification.json,recovered,82.16926052095369,/project/yunhengzou/coordinate_alignment/aam_benchmarks/golden_mapping_diagnosis_20260907/orbitquery_1456/verification.json,recovered
1459,unknown,recovered,10.158758652862161,/project/yunhengzou/coordinate_alignment/aam_benchmarks/golden_mapping_diagnosis_20260907/unknown_1459/verification.json,unknown,91.08777103293687,/project/yunhengzou/coordinate_alignment/aam_benchmarks/golden_mapping_diagnosis_20260907/finite_1459/verification.json,,,,recovered,10.167852364946157,/project/yunhengzou/coordinate_alignment/aam_benchmarks/golden_mapping_diagnosis_20260907/orbitquery_1459/verification.json,recovered
1489,unknown,unknown,120.14978115586564,/project/yunhengzou/coordinate_alignment/aam_benchmarks/golden_mapping_diagnosis_20260907/unknown_1489/verification.json,unknown,120.15259998105466,/project/yunhengzou/coordinate_alignment/aam_benchmarks/golden_mapping_diagnosis_20260907/finite_1489/verification.json,recovered,55.51631682389416,/project/yunhengzou/coordinate_alignment/aam_benchmarks/golden_mapping_diagnosis_20260907/longquery_1489/verification.json,recovered,37.81065894616768,/project/yunhengzou/coordinate_alignment/aam_benchmarks/golden_mapping_diagnosis_20260907/orbitquery_1489/verification.json,recovered
1520,unknown,unknown,120.22372815106064,/project/yunhengzou/coordinate_alignment/aam_benchmarks/golden_mapping_diagnosis_20260907/unknown_1520/verification.json,unknown,120.21589565998875,/project/yunhengzou/coordinate_alignment/aam_benchmarks/golden_mapping_diagnosis_20260907/finite_1520/verification.json,recovered,53.50781590398401,/project/yunhengzou/coordinate_alignment/aam_benchmarks/golden_mapping_diagnosis_20260907/longquery_1520/verification.json,recovered,83.12659569410607,/project/yunhengzou/coordinate_alignment/aam_benchmarks/golden_mapping_diagnosis_20260907/orbitquery_1520/verification.json,recovered
1522,unknown,unknown,120.18855523900129,/project/yunhengzou/coordinate_alignment/aam_benchmarks/golden_mapping_diagnosis_20260907/unknown_1522/verification.json,unknown,120.20745859108865,/project/yunhengzou/coordinate_alignment/aam_benchmarks/golden_mapping_diagnosis_20260907/finite_1522/verification.json,recovered,97.34799761371687,/project/yunhengzou/coordinate_alignment/aam_benchmarks/golden_mapping_diagnosis_20260907/longquery_1522/verification.json,recovered,98.99482448399067,/project/yunhengzou/coordinate_alignment/aam_benchmarks/golden_mapping_diagnosis_20260907/orbitquery_1522/verification.json,recovered
1524,unknown,not_recovered,0.0038051651790738106,/project/yunhengzou/coordinate_alignment/aam_benchmarks/golden_mapping_diagnosis_20260907/unknown_1524/verification.json,not_recovered,0.003699135035276413,/project/yunhengzou/coordinate_alignment/aam_benchmarks/golden_mapping_diagnosis_20260907/finite_1524/verification.json,,,,not_recovered,0.0036751239094883204,/project/yunhengzou/coordinate_alignment/aam_benchmarks/golden_mapping_diagnosis_20260907/orbitquery_1524/verification.json,not_recovered
1561,unknown,not_recovered,0.6103222768288106,/project/yunhengzou/coordinate_alignment/aam_benchmarks/golden_mapping_diagnosis_20260907/unknown_1561/verification.json,not_recovered,0.6116741269361228,/project/yunhengzou/coordinate_alignment/aam_benchmarks/golden_mapping_diagnosis_20260907/finite_1561/verification.json,,,,not_recovered,0.6222239069174975,/project/yunhengzou/coordinate_alignment/aam_benchmarks/golden_mapping_diagnosis_20260907/orbitquery_1561/verification.json,not_recovered
1585,unknown,unknown,40.35423299390823,/project/yunhengzou/coordinate_alignment/aam_benchmarks/golden_mapping_diagnosis_20260907/unknown_1585/verification.json,unknown,40.454813812859356,/project/yunhengzou/coordinate_alignment/aam_benchmarks/golden_mapping_diagnosis_20260907/finite_1585/verification.json,recovered,72.10714592691511,/project/yunhengzou/coordinate_alignment/aam_benchmarks/golden_mapping_diagnosis_20260907/longquery_1585/verification.json,recovered,39.32360651995987,/project/yunhengzou/coordinate_alignment/aam_benchmarks/golden_mapping_diagnosis_20260907/orbitquery_1585/verification.json,recovered
1729,unknown,not_recovered,1.3482432742603123,/project/yunhengzou/coordinate_alignment/aam_benchmarks/golden_mapping_diagnosis_20260907/unknown_1729/verification.json,unknown,10.165224640164524,/project/yunhengzou/coordinate_alignment/aam_benchmarks/golden_mapping_diagnosis_20260907/finite_1729/verification.json,,,,not_recovered,1.3285257522948086,/project/yunhengzou/coordinate_alignment/aam_benchmarks/golden_mapping_diagnosis_20260907/orbitquery_1729/verification.json,not_recovered
1758,unknown,unknown,10.487221478950232,/project/yunhengzou/coordinate_alignment/aam_benchmarks/golden_mapping_diagnosis_20260907/unknown_1758/verification.json,unknown,10.49022491555661,/project/yunhengzou/coordinate_alignment/aam_benchmarks/golden_mapping_diagnosis_20260907/finite_1758/verification.json,unknown,120.42891514883377,/project/yunhengzou/coordinate_alignment/aam_benchmarks/golden_mapping_diagnosis_20260907/longquery_1758/verification.json,unknown,120.42488132230937,/project/yunhengzou/coordinate_alignment/aam_benchmarks/golden_mapping_diagnosis_20260907/orbitquery_1758/verification.json,unknown
1772,unknown,unknown,10.265186540782452,/project/yunhengzou/coordinate_alignment/aam_benchmarks/golden_mapping_diagnosis_20260907/unknown_1772/verification.json,unknown,10.25576847884804,/project/yunhengzou/coordinate_alignment/aam_benchmarks/golden_mapping_diagnosis_20260907/finite_1772/verification.json,recovered,47.934848034987226,/project/yunhengzou/coordinate_alignment/aam_benchmarks/golden_mapping_diagnosis_20260907/longquery_1772/verification.json,recovered,47.082962315995246,/project/yunhengzou/coordinate_alignment/aam_benchmarks/golden_mapping_diagnosis_20260907/orbitquery_1772/verification.json,recovered
1773,unknown,not_recovered,7.027882328955457,/project/yunhengzou/coordinate_alignment/aam_benchmarks/golden_mapping_diagnosis_20260907/unknown_1773/verification.json,unknown,10.376064904034138,/project/yunhengzou/coordinate_alignment/aam_benchmarks/golden_mapping_diagnosis_20260907/finite_1773/verification.json,,,,not_recovered,0.028162196977064013,/project/yunhengzou/coordinate_alignment/aam_benchmarks/golden_mapping_diagnosis_20260907/orbitquery_1773/verification.json,not_recovered
1786,unknown,unknown,20.472631693817675,/project/yunhengzou/coordinate_alignment/aam_benchmarks/golden_mapping_diagnosis_20260907/unknown_1786/verification.json,unknown,20.496391494991258,/project/yunhengzou/coordinate_alignment/aam_benchmarks/golden_mapping_diagnosis_20260907/finite_1786/verification.json,recovered,60.76206149486825,/project/yunhengzou/coordinate_alignment/aam_benchmarks/golden_mapping_diagnosis_20260907/longquery_1786/verification.json,recovered,61.3872983281035,/project/yunhengzou/coordinate_alignment/aam_benchmarks/golden_mapping_diagnosis_20260907/orbitquery_1786/verification.json,recovered
1813,unknown,recovered,2.8090063338167965,/project/yunhengzou/coordinate_alignment/aam_benchmarks/golden_mapping_diagnosis_20260907/unknown_1813/verification.json,unknown,30.263541855150834,/project/yunhengzou/coordinate_alignment/aam_benchmarks/golden_mapping_diagnosis_20260907/finite_1813/verification.json,,,,recovered,2.376861231168732,/project/yunhengzou/coordinate_alignment/aam_benchmarks/golden_mapping_diagnosis_20260907/orbitquery_1813/verification.json,recovered
238,unknown,recovered,92.92735422821715,/project/yunhengzou/coordinate_alignment/aam_benchmarks/golden_mapping_diagnosis_20260907/unknown_238/verification.json,unknown,120.13444100460038,/project/yunhengzou/coordinate_alignment/aam_benchmarks/golden_mapping_diagnosis_20260907/finite_238/verification.json,,,,recovered,15.639255858026445,/project/yunhengzou/coordinate_alignment/aam_benchmarks/golden_mapping_diagnosis_20260907/orbitquery_238/verification.json,recovered
44,unknown,unknown,120.10315983369946,/project/yunhengzou/coordinate_alignment/aam_benchmarks/golden_mapping_diagnosis_20260907/unknown_44/verification.json,unknown,120.17039033025503,/project/yunhengzou/coordinate_alignment/aam_benchmarks/golden_mapping_diagnosis_20260907/finite_44/verification.json,unknown,120.29921968583949,/project/yunhengzou/coordinate_alignment/aam_benchmarks/golden_mapping_diagnosis_20260907/longquery_44/verification.json,not_recovered,0.02352762594819069,/project/yunhengzou/coordinate_alignment/aam_benchmarks/golden_mapping_diagnosis_20260907/orbitquery_44/verification.json,not_recovered
865,unknown,unknown,120.25205423310399,/project/yunhengzou/coordinate_alignment/aam_benchmarks/golden_mapping_diagnosis_20260907/unknown_865/verification.json,unknown,120.23660620395094,/project/yunhengzou/coordinate_alignment/aam_benchmarks/golden_mapping_diagnosis_20260907/finite_865/verification.json,unknown,120.35000865417533,/project/yunhengzou/coordinate_alignment/aam_benchmarks/golden_mapping_diagnosis_20260907/longquery_865/verification.json,not_recovered,0.021054175682365894,/project/yunhengzou/coordinate_alignment/aam_benchmarks/golden_mapping_diagnosis_20260907/orbitquery_865/verification.json,not_recovered
905,unknown,unknown,120.3649509230163,/project/yunhengzou/coordinate_alignment/aam_benchmarks/golden_mapping_diagnosis_20260907/unknown_905/verification.json,unknown,120.34585014288314,/project/yunhengzou/coordinate_alignment/aam_benchmarks/golden_mapping_diagnosis_20260907/finite_905/verification.json,unknown,120.42754666088149,/project/yunhengzou/coordinate_alignment/aam_benchmarks/golden_mapping_diagnosis_20260907/longquery_905/verification.json,unknown,120.4242848448921,/project/yunhengzou/coordinate_alignment/aam_benchmarks/golden_mapping_diagnosis_20260907/orbitquery_905/verification.json,unknown
